Art,Name,Original Set,Release,All Sets By Art,Colors,Have,Quantity,Variant Owned,Notes,Price (R$)
5f24501c-2764-4952-93ec-d659a160140e,Acid-Spewer Dragon,DTK,2015-03-27,DTK,B,False,0,None,,0.0
60852961-6ba0-4001-aa2c-88181ee0b14f,Adult Gold Dragon,AFR,2021-07-23,"AFR, PAFR",RW,False,0,None,,0.0
e1a2ac61-67e6-40cc-bb5d-a641b3dd507b,Adult Gold Dragon,PWCS,2022-04-01,PWCS,RW,False,0,None,,0.0
9878a3d0-7ab9-4c0e-a3f9-deaeed4fa621,Adult Gold Dragon,AFR,2021-07-23,AFR,RW,False,0,None,,0.0
ace01351-0acc-4fa3-90c1-75eff8b88426,Akoum Hellkite,BFZ,2015-10-02,"BFZ, GN2, PBFZ, SCD",R,False,0,None,,0.0
b3616af1-765b-4aeb-92c3-3559243bdbd2,Akul the Unrepentant,OTJ,2024-04-19,"OTJ, POTJ",BR,False,0,None,,0.0
1fce9ccc-0c6a-43bd-9cbe-5d4ef80ed225,Alabaster Dragon,WTH,1997-06-09,WTH,W,False,0,None,,0.0
e9f36c93-321a-4964-906c-2b61f0158d00,Alabaster Dragon,POR,1997-05-01,"PLST, POR",W,False,0,None,,0.0
0640d50e-6c28-45d5-a3ab-d69719608c25,"Amareth, the Lustrous",CMR,2020-11-20,CMR,GUW,False,0,None,,0.0
e2790900-f835-40ca-affc-e7745db60677,"Amareth, the Lustrous",SLD,2025-12-01,SLD,GUW,False,0,None,,0.0
6e7d3e2b-c44a-4a95-85dd-8ad0788d730e,Ambitious Dragonborn,CLB,2022-06-10,CLB,G,False,0,None,,0.0
d9e84014-2395-4348-9c82-0e00124f57df,Amethyst Dragon // Explosive Crystal,CLB,2022-06-10,CLB,R,False,0,None,,0.0
eafe529d-41f8-4f50-94d9-076e37a93b0f,Ancestor Dragon,GS1,2018-06-22,"FDN, GS1, PLST",W,False,0,None,,0.0
c84051de-1d1c-439d-9764-82a35674145c,Ancient Brass Dragon,CLB,2022-06-10,"CLB, PCLB",B,False,0,None,,0.0
d70a22be-e41d-4483-a536-c62405beff51,Ancient Brass Dragon,CLB,2022-06-10,CLB,B,False,0,None,,0.0
50039e8d-5ffc-4abf-abca-ea91d2772d81,Ancient Brass Dragon,CLB,2022-06-10,CLB,B,False,0,None,,0.0
2fe3bb89-0630-425e-9971-632523c03897,Ancient Bronze Dragon,CLB,2022-06-10,"CLB, PCLB",G,False,0,None,,0.0
cb2769ff-eaba-422b-95d5-31557b71c122,Ancient Bronze Dragon,SLD,2026-02-09,SLD,G,False,0,None,,0.0
0f0a6c65-19e1-4e78-9705-0b7623c376f2,Ancient Bronze Dragon,CLB,2022-06-10,CLB,G,False,0,None,,0.0
78511659-ee80-47c1-a210-79fada7b623f,Ancient Bronze Dragon,CLB,2022-06-10,CLB,G,False,0,None,,0.0
d8bb0a2d-767a-4020-bed2-66261a9af9d8,Ancient Copper Dragon,CLB,2022-06-10,"CLB, PCLB",R,False,0,None,,0.0
f6cd9d66-8a07-4cb7-b877-51afb222a46f,Ancient Copper Dragon,FCA,2025-06-13,FCA,R,False,0,None,,0.0
5a5cf381-317b-43f2-b29b-9a09f67d320b,Ancient Copper Dragon,CLB,2022-06-10,CLB,R,False,0,None,,0.0
06c2b1be-d40d-4a78-a705-8813b3b66665,Ancient Copper Dragon,CLB,2022-06-10,CLB,R,False,0,None,,0.0
1e677ff1-6a1f-4f10-b168-fac6e7be9906,Ancient Gold Dragon,CLB,2022-06-10,"CLB, PCLB",W,False,0,None,,0.0
52b30f2e-07bf-48bb-bf15-97b33aaaf0fe,Ancient Gold Dragon,CLB,2022-06-10,CLB,W,False,0,None,,0.0
33b1c760-27a9-48c4-85b6-aa1ebfcb6f5f,Ancient Gold Dragon,CLB,2022-06-10,CLB,W,False,0,None,,0.0
30dbdc79-375f-499f-a479-91c9235e3e2a,Ancient Hellkite,M11,2010-07-16,"GN3, M11",R,False,0,None,,0.0
4417a8cd-5236-46fd-9769-bf98430b430e,Ancient Hellkite,PM11,2010-07-15,PM11,R,False,0,None,,0.0
503aaa11-6331-47d4-8f75-7f626ef87f21,Ancient Silver Dragon,CLB,2022-06-10,"CLB, PCLB",U,False,0,None,,0.0
926f88e0-7f3a-40d8-9472-6187f0c48fd8,Ancient Silver Dragon,CLB,2022-06-10,CLB,U,False,0,None,,0.0
fe2d6277-62ad-48f2-92f5-aee5401be454,Ancient Silver Dragon,CLB,2022-06-10,CLB,U,False,0,None,,0.0
35f1a683-746b-4a06-9614-25a1caaebc33,"Ao, the Dawn Sky",NEO,2022-02-18,"NEO, PNEO, SOC",W,False,0,None,,0.0
bba6c0aa-c1cf-4f27-9bdf-4b5aea06596c,"Ao, the Dawn Sky",NEO,2022-02-18,NEO,W,False,0,None,,0.0
34a4cbca-3039-4605-9db3-647403a01626,Arashin Sovereign,DTK,2015-03-27,"DTK, PDTK",GW,False,0,None,,0.0
ab37f5f9-10eb-449b-a5ec-0c25c5e4b6c1,Arashin Sovereign,PDTK,2015-03-27,PDTK,GW,False,0,None,,0.0
3104bba0-12ea-4378-be30-6a5c45acff04,Arcades Sabboth,DMR,2023-01-13,DMR,GUW,False,0,None,,0.0
11e093b7-fb2a-4bb5-848e-8c3b03420e7c,Arcades Sabboth,LEG,1994-06-01,"BCHR, CHR, LEG",GUW,False,0,None,,0.0
e1132049-1a17-4077-8e23-0d9632125ad9,Arcades Sabboth,SLD,2022-11-02,SLD,GUW,False,0,None,,0.0
12bdd526-f045-4779-83cb-ce2146c15cba,"Arcades, the Strategist",M19,2018-07-13,"M19, PLST, PM19, TSR",GUW,False,0,None,,0.0
6df1618e-53be-4ec1-a07d-4ab731b5ce5b,Arcbound Whelp,MH2,2021-06-18,MH2,R,False,0,None,,0.0
4c57c422-31e4-43b4-935e-d1250054324f,Archive Dragon,WOE,2023-09-08,WOE,U,False,0,None,,0.0
1b44f06a-1426-4bcc-914d-fc3b73a12d73,Archwing Dragon,AVR,2012-05-04,AVR,R,False,0,None,,0.0
3b70c9cd-c377-4090-9420-6367670566ec,Armament Dragon,TDM,2025-04-11,TDM,BGW,False,0,None,,0.0
8237279d-881c-440b-9a68-ae1fade3e0bf,Armament Dragon,TDM,2025-04-11,TDM,BGW,False,0,None,,0.0
0ef6a79b-4aaa-414f-94b9-42b5a9fa0eed,Artificer's Dragon,BRO,2022-11-18,BRO,C,False,0,None,,0.0
a648d905-348d-4b26-8673-e257f38b1a46,Astral Dragon,CLB,2022-06-10,CLB,U,False,0,None,,0.0
a304e69d-64fb-43a7-9467-807de7f5da7c,"Atarka, World Render",FRF,2015-01-23,"AFC, C17, FRF, PFRF, TDC",GR,False,0,None,,0.0
14187784-41da-48c8-9217-58062d52bb44,"Atarka, World Render",SCD,2022-12-02,SCD,GR,False,0,None,,0.0
8e74fa13-8d2e-44f5-9096-7d506a7d7172,"Atsushi, the Blazing Sky",NEO,2022-02-18,"NEO, PNEO, PW22, SOC, TDC",R,False,0,None,,0.0
172f2f53-8134-4dd9-b32e-aa391490327f,"Atsushi, the Blazing Sky",NEO,2022-02-18,NEO,R,False,0,None,,0.0
1cfaf0bf-ba6b-4163-bb8a-4367ef6aeb1d,Avaricious Dragon,ORI,2015-07-17,ORI,R,False,0,None,,0.0
96435f8d-b5a4-4ce1-b349-6de2506a1ed4,Avenging Hunter,CLB,2022-06-10,CLB,G,False,0,None,,0.0
7bbd3105-1c46-45a9-b6e7-c6f6e6ea6821,Backdraft Hellkite,C19,2019-08-23,"2X2, C19",R,False,0,None,,0.0
2ef5ed4b-018a-4bdc-85f9-7984f4c5ff6c,Balefire Dragon,ISD,2011-09-30,"CMM, INR, ISD, PLST, PUMA, UMA",R,False,0,None,,0.0
378df1e3-7c88-4176-9739-ee6c0b477e6f,Balefire Dragon,CMM,2023-08-04,CMM,R,False,0,None,,0.0
7ef2497a-36cb-406c-a7ea-4e76ea06ebb2,Beledros Witherbloom,STX,2021-04-23,"BLC, PSTX, SOC, STX",BG,False,0,None,,0.0
4ac9adf1-5546-4e2c-9458-5b7b522a8a2f,Beledros Witherbloom,STX,2021-04-23,STX,BG,False,0,None,,0.0
736fd947-5594-4f5c-b347-51789c408a7a,Belltoll Dragon,DTK,2015-03-27,"DTK, PLST",U,False,0,None,,0.0
316cf0bc-4eca-43e1-9137-544435acb124,"Betor, Ancestor's Voice",TDC,2025-04-11,TDC,BGW,False,0,None,,0.0
a91bfc57-34bb-4d82-b7ff-bb5003c239f8,"Betor, Kin to All",TDM,2025-04-11,"PTDM, TDM",BGW,False,0,None,,0.0
5944c5a3-312a-49fb-8740-5872f4426ddb,"Betor, Kin to All",TDM,2025-04-11,TDM,BGW,False,0,None,,0.0
93595c1a-8401-40aa-a685-2306b43d75ba,"Betor, Kin to All",TDM,2025-04-11,TDM,BGW,False,0,None,,0.0
d3550980-06b0-420f-be50-ff8a5c93e153,Bhaal's Invoker,CLB,2022-06-10,CLB,R,False,0,None,,0.0
ff5cdcfc-fd7d-4b91-b9c5-2bd900c222be,Black Dragon,AFR,2021-07-23,AFR,B,False,0,None,,0.0
38b3325e-6784-4fc9-9080-e45a4de69ee2,Black Dragon,AFR,2021-07-23,AFR,B,False,0,None,,0.0
64d0c54f-ecd3-4a62-8038-3d8938c1e9d2,"Bladewing, Deathless Tyrant",DMC,2022-09-09,DMC,BR,False,0,None,,0.0
14d104c2-f1d3-4bf0-a39c-fad2442f290c,Bladewing the Risen,IMA,2017-11-17,"IMA, PLST",BR,False,0,None,,0.0
33cc664a-c724-4005-aa1c-23c68705ce34,Bladewing the Risen,SCG,2003-05-26,"C17, CMA, CMD, DRB, SCG",BR,False,0,None,,0.0
3bf132e1-dbd8-4c23-aad6-f6e991bbe145,Blast-Furnace Hellkite,BRC,2022-11-18,BRC,R,False,0,None,,0.0
241c862a-ed47-40c2-903d-1d7ada0b818e,Bloomvine Regent // Claim Territory,TDM,2025-04-11,"PTDM, TDM",G,False,0,None,,0.0
d6da3750-e2bc-4d60-a77a-a30b5cacb1ac,Blue Dragon,AFR,2021-07-23,AFR,U,False,0,None,,0.0
e5aa61a6-8f31-433c-955a-c65bda8fc009,Blue Dragon,AFR,2021-07-23,AFR,U,False,0,None,,0.0
7ba64784-0fd6-4c81-9d53-ede30ac541f6,Bogardan Hellkite,TSP,2006-10-06,"AFC, C14, CM2, DRB, IMA, M10, TSP",R,False,0,None,,0.0
6505a409-b717-42a1-887c-3dc545438651,Bogardan Hellkite,DDG,2011-04-01,DDG,R,False,0,None,,0.0
95aa67af-17b5-4d1e-84d8-3b7622a47b60,Bogardan Hellkite,SLC,2022-11-01,SLC,R,False,0,None,,0.0
6237ff29-bc5c-4d80-9181-5f07f811fc72,Bolshack Dragon,MB2,2024-08-02,MB2,R,False,0,None,,0.0
b836a7aa-be47-4eef-b87e-fd884a8ced10,Boltwing Marauder,DTK,2015-03-27,"DTK, PDTK",BR,False,0,None,,0.0
ae594a20-52f3-47a3-ad6b-252e92cc9f94,Boltwing Marauder,PDTK,2015-03-27,PDTK,BR,False,0,None,,0.0
a1a54afa-32eb-4c2e-8673-971e7f7d7d9a,Bone Devourer,TDC,2025-04-11,TDC,B,False,0,None,,0.0
a87d183d-f2dc-4e0a-9aee-bf397c09be37,Bone Dragon,M19,2018-07-13,"M19, PM19",B,False,0,None,,0.0
decb8399-16eb-4df0-8a3a-c743357feaf5,Bonehoard Dracosaur,LCI,2023-11-17,"LCI, PLCI",R,False,0,None,,0.0
f91dcb29-6aef-4cae-8866-aacd976f2cec,Bonehoard Dracosaur,LCI,2023-11-17,LCI,R,False,0,None,,0.0
cc2f5eab-f58e-4c9b-bc2f-69c23c699d6f,Boneyard Scourge,C17,2017-08-25,C17,B,False,0,None,,0.0
bded1df8-5253-4d66-8b6d-ad395b9bf88d,Boulderborn Dragon,TDM,2025-04-11,TDM,C,False,0,None,,0.0
9921a8ef-593f-4223-b031-d20bc345b0b5,Boulderborn Dragon,TDM,2025-04-11,TDM,C,False,0,None,,0.0
72066284-b1d2-4bea-b1f1-ed0008840cdd,Brainstealer Dragon,OTC,2024-04-19,OTC,B,False,0,None,,0.0
ca061161-ac7c-4436-9fe9-6cb53ece80b6,Brainstealer Dragon,CLB,2022-06-10,CLB,B,False,0,None,,0.0
fde38d33-1691-4d13-9bae-2899bb391560,Brimstone Dragon,P02,1998-06-24,"P02, PLST",R,False,0,None,,0.0
2a503fd5-423e-4232-addd-74a47cc4c765,Broodcaller Scourge,TDC,2025-04-11,TDC,G,False,0,None,,0.0
66da2e50-f77a-453a-a336-43205b553ee6,Broodmate Dragon,ALA,2008-10-03,"ALA, C17, MM3, PALA",BGR,False,0,None,,0.0
581e8fa7-0c33-4ad3-a4aa-31706736f356,Broodmate Tyrant,M3C,2024-06-14,M3C,BGR,False,0,None,,0.0
e26f44f2-fdd2-4038-a7e4-68c21842f413,Caldera Pyremaw,TDC,2025-04-11,TDC,R,False,0,None,,0.0
d52ca685-bafd-468c-88a4-eb4c456f0212,Canopy Dragon,MIR,1996-10-08,MIR,G,False,0,None,,0.0
1dbc5cba-3605-42ff-a219-d837d4b1806e,Canopy Gargantuan,TDC,2025-04-11,TDC,G,False,0,None,,0.0
892a6df1-105c-485e-af09-56a21f5c188e,Capricious Hellraiser,ONE,2023-02-10,"ONE, PONE",R,False,0,None,,0.0
cea14fc6-5169-41be-bed7-8f98a3524abc,Capricious Hellraiser,ONE,2023-02-10,ONE,R,False,0,None,,0.0
baf3215d-dcb9-4fa6-a370-16e993d6292a,Capricious Hellraiser,ONE,2023-02-10,ONE,R,False,0,None,,0.0
4e9bff34-efb6-4ace-8d53-fc98646f917f,Catacomb Dragon,MIR,1996-10-08,MIR,B,False,0,None,,0.0
6fc2b4bb-aff7-4c46-8ee5-661a71df0dea,Cat Dragon,TC17,2017-08-25,"T2X2, TC17",BGR,False,0,None,,0.0
d1498f50-d3f7-4ccf-9465-78d0d2f0ddab,Cavern-Hoard Dragon,LTC,2023-06-23,LTC,R,False,0,None,,0.0
4d626956-c4c2-4998-8d0d-ff98bf2f6257,Chaos Dragon,AFC,2021-07-23,"AFC, CLB",R,False,0,None,,0.0
36e151c4-1e6a-439c-8a4f-0b86b25a94eb,Chardalyn Dragon,CLB,2022-06-10,CLB,C,False,0,None,,0.0
b0e97900-cc67-413f-973d-24a4521434a7,"Chiss-Goria, Forge Tyrant",ONC,2023-02-10,ONC,R,False,0,None,,0.0
bd95ab6a-8bb1-4841-8dd6-a172c92cc9bb,Chromium,LEG,1994-06-01,"BCHR, CHR, LEG",BUW,False,0,None,,0.0
c83ded55-f591-4c3f-aba1-88b6d4134af4,Chromium,SLD,2022-11-02,SLD,BUW,False,0,None,,0.0
3bc6b56d-0386-4987-9150-0feb7854fde5,"Chromium, the Mutable",M19,2018-07-13,"M19, PM19",BUW,False,0,None,,0.0
439769f3-4572-4723-ba0c-7914cadcf673,Clarion Conqueror,TDM,2025-04-11,"PTDM, TDM",W,False,0,None,,0.0
95f39758-c03b-4707-8caa-e3b00c8656b4,Clarion Conqueror,TDM,2025-04-11,TDM,W,False,0,None,,0.0
57124c05-3e10-4497-a1af-045314f5e8e6,Clockwork Dragon,MRD,2003-10-02,"MRD, PLST",C,False,0,None,,0.0
e0839a44-810a-45e6-9d79-a0d709a2fd11,Cloud Dragon,POR,1997-05-01,"PLST, POR",U,False,0,None,,0.0
c449874f-b30d-4570-ba66-0836a3ee9740,Colossal Grave-Reaver,TDC,2025-04-11,TDC,BG,False,0,None,,0.0
c1258489-a41d-4e81-af7f-f393a238b65e,Covetous Dragon,UDS,1999-06-07,"UDS, WC99",R,False,0,None,,0.0
cea1e2a2-64dc-493b-8a28-8afe4d79478d,Crimson Hellkite,7ED,2001-04-11,7ED,R,False,0,None,,0.0
2054c786-d351-4135-85bb-4c7ce697f516,Crimson Hellkite,MIR,1996-10-08,"6ED, MIR, OLEP",R,False,0,None,,0.0
ad9ee2ad-9405-437d-a386-52bbbdd7d649,"Crosis, the Purger",PD3,2011-11-18,"C17, PD3, PLST",BRU,False,0,None,,0.0
39b3fd95-06ce-4db4-b91d-436a206d1821,"Crosis, the Purger",INV,2000-10-02,INV,BRU,False,0,None,,0.0
541f27a2-eef1-4e8d-bd2c-244a2131bd97,Crystal Dragon // Rob the Hoard,CLB,2022-06-10,CLB,W,False,0,None,,0.0
b4c44f3b-ba21-47aa-98fe-234951038dc2,Cunning Breezedancer,DTK,2015-03-27,"DTK, PLST",UW,False,0,None,,0.0
e1f5aeed-564f-473d-bf57-06a76c9f8a57,Darigaaz Reincarnated,DOM,2018-04-27,"DOM, PDOM",BGR,False,0,None,,0.0
93896027-b486-4e12-a48a-c1392ded16a2,"Darigaaz, the Igniter",INV,2000-10-02,"DDE, INV",BGR,False,0,None,,0.0
2ec1206e-442f-44fa-9ff7-7545c22ec0b5,Deathbringer Regent,DTK,2015-03-27,"C17, C21, DTK, E01, J22, NCC, PDTK",B,False,0,None,,0.0
057dba6c-298f-444d-9825-48dc5e81e579,Deathbringer Regent,PDTK,2015-03-27,PDTK,B,False,0,None,,0.0
822f4129-50da-4d66-b6ac-2380c8fdcbb0,Decadent Dragon // Expensive Taste,WOE,2023-09-08,"PWOE, WOE",R,False,0,None,,0.0
9888fe86-4103-4079-adfd-bc8fbff4b2c2,Decadent Dragon // Expensive Taste,WOE,2023-09-08,WOE,R,False,0,None,,0.0
17910b59-5fa1-4c05-afb3-66a90dd298a9,Deceptive Frostkite,TDC,2025-04-11,TDC,U,False,0,None,,0.0
18890a94-bf1b-446c-9786-2cc240f1acf3,Demanding Dragon,M19,2018-07-13,"AFC, M19, PLST, PM19, SCD",R,False,0,None,,0.0
3cc0a1c3-1b52-4086-9561-e4fa61a67a22,Destructor Dragon,FRF,2015-01-23,"FRF, PLST",G,False,0,None,,0.0
f92ccdf2-54e2-472b-b944-12995d6806d7,Dinosaur Dragon,TDFT,2025-02-14,TDFT,R,False,0,None,,0.0
8af45c82-cc1c-4439-aa71-313581559c04,Dirgur Island Dragon // Skimming Strike,TDM,2025-04-11,TDM,U,False,0,None,,0.0
f7e37c33-b10c-4470-aa9c-be8302b79407,Dirgur Island Dragon // Skimming Strike,TDM,2025-04-11,TDM,U,False,0,None,,0.0
d4379ef0-fc48-4381-bf35-23963d520aba,Disruptive Stormbrood // Petty Revenge,TDM,2025-04-11,TDM,G,False,0,None,,0.0
13f5d156-0877-41c4-9b43-5b3f8c4c6673,Disruptive Stormbrood // Petty Revenge,TDM,2025-04-11,TDM,G,False,0,None,,0.0
654e3b41-b286-4d43-8199-c2f153c86dc3,Diviner of Mist,TDC,2025-04-11,TDC,U,False,0,None,,0.0
a95e4a09-371d-4cfd-832e-095938deffe0,Draco,PLS,2001-02-05,"DRB, PLS, PLST",C,False,0,None,,0.0
51a66b0c-0f9d-4bbb-a4e1-51cb0f11b2f6,Draconic Muralists,CLB,2022-06-10,CLB,G,False,0,None,,0.0
5f026ca2-eca7-4c08-aea7-fc2f08b34b14,Dracosaur Auxiliary,DFT,2025-02-14,DFT,R,False,0,None,,0.0
3dbbf7be-32ef-4782-aedc-fd7c6c24c7d7,Dragon,H17,2017-09-20,"H17, TUND, TUST",C,False,0,None,,0.0
07ca6be2-e911-4b32-b769-9a26d51fd4eb,Dragon,TLTC,2023-06-23,TLTC,BR,False,0,None,,0.0
1de3044c-8e8f-4f7a-96d5-b5a1c072b381,Dragon,TC18,2018-08-09,"TC18, TCMM, TCMR, TGN2, TGN3, TOTC, TTDC",R,False,0,None,,0.0
f3a70737-ee42-49c2-b628-6eb2b17a50e7,Dragon,TM14,2013-07-19,"TEMA, TIMA, TM14, TM15, TM19",R,False,0,None,,0.0
8b3a73ff-e25c-48a6-9e98-78fb39a2774d,Dragon,TDMU,2022-09-09,"TDMU, TFDN",R,False,0,None,,0.0
00de1484-8510-4d32-ada8-4472fe2e0414,Dragon,TWAR,2019-05-03,"TCLB, TCMM, TWAR",R,False,0,None,,0.0
85fa7926-2d9d-4f56-8dc8-acdd2f1c425e,Dragon,TMED,2018-10-05,TMED,R,False,0,None,,0.0
708ca047-b8c3-49d2-bc31-973de95572a3,Dragon,TALA,2008-10-03,"TALA, TC17, TMM3, TMMA",R,False,0,None,,0.0
9b8ff361-c7df-4648-b989-f8506c096d81,Dragon,TDTK,2015-03-27,TDTK,R,False,0,None,,0.0
fd710d03-901e-4c05-984c-87a08564528e,Dragon,TTDM,2025-04-11,TTDM,R,False,0,None,,0.0
d8f77cbc-35a9-4af4-b798-1d5afb57412b,Dragon,PL24,2024-02-08,PL24,R,False,0,None,,0.0
ca075b12-4f63-4bd4-bb79-99ff54f78838,Dragon,TTLA,2025-11-21,TTLA,R,False,0,None,,0.0
dbd658d1-1eda-4145-b9a7-df2393a5eb49,Dragon,TWWK,2010-02-05,"TBFZ, TC19, TCN2, TFDN, TONC, TTDC, TWWK",R,False,0,None,,0.0
49f1a314-2e23-49ac-92d9-2cecbae456e0,Dragon,TM3C,2024-06-14,TM3C,R,False,0,None,,0.0
e98a00a7-d6fe-410b-8a5c-f8ff5bce4958,Dragon,TM19,2018-07-13,"TAFC, TCLB, TCMM, TGN2, TM19, TSCD",R,False,0,None,,0.0
ebf3b54f-c572-4f11-94f6-05fb80e67620,Dragon,TKHM,2021-02-05,TKHM,R,False,0,None,,0.0
1462a26d-dd62-457d-96f2-07a4066426ed,Dragon,T10E,2007-07-13,"T10E, TC15, TCMA, TIMA, TPCA",R,False,0,None,,0.0
4f64c481-3490-4da9-93a6-303746c7e283,Dragon,WDMU,2022-09-09,WDMU,R,False,0,None,,0.0
0784d260-5986-4147-bf78-cea1c1a9b537,Dragon,PR2,2002-01-01,PR2,R,False,0,None,,0.0
425de6aa-d8d8-46a2-94a0-2a286b4b26fe,Dragon,TRTR,2012-10-05,"TC17, TGK2, TRTR, TRVR",R,False,0,None,,0.0
f320026a-afd7-461d-94d0-ce5423f1b168,Dragon,TARB,2009-04-30,TARB,GR,False,0,None,,0.0
f55d03cd-e37c-4e29-89a6-daf6952e15ba,Dragonborn Champion,AFC,2021-07-23,AFC,GR,False,0,None,,0.0
073d76ec-e753-4b6a-b0fe-5edd76ce5de5,Dragonborn Champion,SLD,2026-02-09,SLD,GR,False,0,None,,0.0
ef66b101-7a1a-4a25-b89a-5de661afc643,Dragonborn Looter,CLB,2022-06-10,CLB,U,False,0,None,,0.0
1e8a835f-be82-42bf-8abe-8719837b4aa1,Dragon Broodmother,ARB,2009-04-30,"ARB, PLST",GR,False,0,None,,0.0
2ecbec91-18cb-4891-8981-0916deb01194,Dragon Broodmother,PARB,2009-04-25,PARB,GR,False,0,None,,0.0
b7e55da5-ae6e-453e-8b18-e4e9086aae62,Dragon Egg,M14,2013-07-19,"CMR, EMA, GN2, GN3, IMA, J22, M14, M19, PLST",R,False,0,None,,0.0
117fc0c6-8301-4e37-b711-2833103a3c3b,Dragon Egg,TC18,2018-08-09,"TC18, TCMM, TOTC, TTDC",R,False,0,None,,0.0
6757abde-d479-48da-8d84-ed7e5b61d6db,Dragon Elemental,TOTC,2024-04-19,TOTC,R,False,0,None,,0.0
c8d605e2-6af2-4a3f-9c09-bfd2da6ef170,Dragonfly Swarm,TLA,2025-11-21,TLA,RU,False,0,None,,0.0
39b43edf-6ceb-4e68-8957-9abf65521183,Dragon Hatchling,M13,2012-07-13,"BBD, GN3, J25, JMP, M13, M14",R,False,0,None,,0.0
d2a11f8b-5b9c-4a68-9acd-04add6106659,"Dragonhawk, Fate's Tempest",BLB,2024-08-02,"BLB, PBLB",R,False,0,None,,0.0
77039fe6-1675-4906-ad6d-8d4cdf10caf5,"Dragonhawk, Fate's Tempest",BLB,2024-08-02,BLB,R,False,0,None,,0.0
43989a54-86ce-429f-b6c1-81639ff10a2f,Dragon Illusion,TVOW,2021-11-19,"TSOC, TTDC, TVOW",R,False,0,None,,0.0
269f3e00-805d-4842-83f7-8054b557c55a,Dragonlord Atarka,DTK,2015-03-27,"DTK, PDTK, PLST, TDC",GR,False,0,None,,0.0
886ac2f1-1284-4447-9846-0ead000bb45f,Dragonlord Atarka,P30A,2022-09-02,P30A,GR,False,0,None,,0.0
a3265734-74a3-4d35-ad0b-731b43419b9d,Dragonlord Dromoka,DTK,2015-03-27,"2X2, DTK, PDTK, PLST, TDC",GW,False,0,None,,0.0
4b36b723-d9a1-47a7-baef-779518d924d6,Dragonlord Dromoka,2X2,2022-07-08,2X2,GW,False,0,None,,0.0
46fca529-29c4-42bd-bcd2-6c85fc1bb8c5,Dragonlord Kolaghan,DTK,2015-03-27,"DTK, PDTK",BR,False,0,None,,0.0
bc05d9f7-9b88-411a-9dd1-e8599d6b1626,Dragonlord Kolaghan,SLD,2023-04-23,SLD,BR,False,0,None,,0.0
58a939dc-42c3-461f-815b-58dbed1030d5,Dragonlord Ojutai,DTK,2015-03-27,"DTK, NCC, PDTK, PLST",UW,False,0,None,,0.0
b10e2c66-a5d7-401e-b80b-94e2898cfe76,Dragonlord Ojutai,SLC,2022-11-01,SLC,UW,False,0,None,,0.0
daabac12-fdf9-4f5d-8a2b-db1aac26a984,Dragonlord Silumgar,DTK,2015-03-27,"2X2, DTK, PDTK",BU,False,0,None,,0.0
4370f95a-a150-4902-bdcf-de0b7ff96b8a,Dragonlord Silumgar,SLP,2024-01-19,SLP,BU,False,0,None,,0.0
c3144bf2-32a0-49ec-8c07-f5d8ae60c347,Dragon Mage,SCG,2003-05-26,"C15, C16, FDN, GN3, M20, PLST, SCD, SCG",R,False,0,None,,0.0
f0a12154-cb6f-4f77-8f88-cdd7f9c25617,Dragon Mage,J22,2022-12-02,J22,R,False,0,None,,0.0
16a52bb5-8ee8-408e-bc03-54c3a7772e07,Dragon Moose,TLE,2025-11-21,TLE,R,False,0,None,,0.0
1c51e746-fa8d-49a7-ba37-dd6939f0cfba,Dragon Spirit,TNEO,2022-02-18,TNEO,R,False,0,None,,0.0
da77b8d4-d0af-498b-81db-39d57130eeb8,Dragon Spirit,TAFC,2021-07-23,TAFC,GR,False,0,None,,0.0
2ae4f302-490b-4228-bf42-47441529b098,Dragon Turtle,AFR,2021-07-23,"AFR, PAFR",U,False,0,None,,0.0
53b73f6e-a1f9-4fba-ad02-2573d5641e11,Dragon Turtle,AFR,2021-07-23,AFR,U,False,0,None,,0.0
f0513691-72b1-483d-9e63-60b552a3b5a0,Dragon Tyrant,SCG,2003-05-26,SCG,R,False,0,None,,0.0
771d2c34-a39e-48fe-a8c1-30f8dfc979e8,Dragon Whelp,DMU,2022-09-09,"DMR, DMU, J25, PLST",R,False,0,None,,0.0
3f7f9b50-e94e-4bdb-886a-be542cbe77a4,Dragon Whelp,DRB,2008-08-29,"ARC, CMA, CMD, DDG, DRB, M10, PLST",R,False,0,None,,0.0
9871c875-217f-4f44-a77f-bba5734ddea1,Dragon Whelp,LEA,1993-08-05,"2ED, 30A, 3ED, 4BB, 4ED, CED, CEI, FBB, LEA, LEB, SUM, TSB",R,False,0,None,,0.0
e629c181-4160-46a9-888a-561c06907db6,"Drakuseth, Maw of Flames",M20,2019-07-12,"CLB, CMM, FDN, GN3, M20, PFDN, PM20, SCD",R,False,0,None,,0.0
6dcd0f4c-a7f4-4552-bbcc-8727d4561d9d,"Drakuseth, Maw of Flames",SLD,2025-12-01,SLD,R,False,0,None,,0.0
a7239b06-d28b-4111-a52d-ef234d047d0f,Dread Linnorm // Scale Deflection,CLB,2022-06-10,"CLB, PLST",G,False,0,None,,0.0
ca63e2a0-9de1-479b-ab43-cc5755ce3aa8,Dream Pillager,C15,2015-11-13,"AFC, C15, CLB, CM2, SCD",R,False,0,None,,0.0
5f08c3e6-17d7-479a-bfdc-74ee1cb8a238,"Dromar, the Banisher",INV,2000-10-02,"INV, PLST",BUW,False,0,None,,0.0
0edc9390-3901-48ac-b4d9-9ee958434693,"Dromoka, the Eternal",FRF,2015-01-23,"C17, FRF, PFRF",GW,False,0,None,,0.0
571c9c07-1db7-439c-ab23-15104625453d,"Dromoka, the Eternal",CP3,2015-07-17,CP3,GW,False,0,None,,0.0
562f94c4-5317-461f-9998-1a36572e29ea,Earthquake Dragon,CLB,2022-06-10,"CLB, PCLB",G,False,0,None,,0.0
1f889639-f9b7-4dc6-b574-ad8afbba53ed,"Ebondeath, Dracolich",AFR,2021-07-23,"AFR, PAFR",B,False,0,None,,0.0
7203f377-89b6-4076-a356-08be4e7fc035,"Ebondeath, Dracolich",SLD,2022-06-14,SLD,B,False,0,None,,0.0
83474d6e-b522-4cf2-85bc-2143c7e9bcf0,"Ebondeath, Dracolich",AFR,2021-07-23,AFR,B,False,0,None,,0.0
31ca222e-cd9d-4f89-b1be-adecc31babf2,Ebon Dragon,POR,1997-05-01,"DRB, POR",B,False,0,None,,0.0
3e205d1a-8ed0-41a6-a47d-8c026e702e2f,Elder Land Wurm,LEG,1994-06-01,"4BB, 4ED, LEG, REN",W,False,0,None,,0.0
fa6d8b18-3362-4e62-b064-28d95ff744f0,Emerald Dragon // Dissonant Wave,CLB,2022-06-10,CLB,G,False,0,None,,0.0
8bf6e01e-e061-40ae-a062-ba19c75122b3,Enduring Scalelord,DTK,2015-03-27,"BBD, C16, CM2, DTK, MIC, MOC",GW,False,0,None,,0.0
205c027f-81fe-4d98-ac0b-1afd910f7712,Eternal Dragon,SCG,2003-05-26,"AFC, C20, SCG, WC04",W,False,0,None,,0.0
204166a9-0c9e-4764-a6bf-7c3a7c2925c6,Eternal Dragon,PPRO,2006-10-20,"C13, PPRO",W,False,0,None,,0.0
6e13f308-34d7-4a9a-82d3-373bac09c6b5,Exalted Dragon,EXO,1998-06-15,EXO,W,False,0,None,,0.0
ebe10024-b533-4282-bc4c-606a8c91281b,Faerie Dragon,TAFR,2021-07-23,"TAFR, TCLB",U,False,0,None,,0.0
e957e366-0bcc-4e6d-9c11-58f737746a4c,Fallaji Dragon Engine,BRO,2022-11-18,BRO,C,False,0,None,,0.0
e8cfdbc0-8556-4d32-9737-f41547eece9c,Fang Dragon // Forktail Sweep,CLB,2022-06-10,CLB,R,False,0,None,,0.0
99d9b5ef-3eb0-4aad-81bb-bdc451971ac3,"Fang, Roku's Companion",TLE,2025-11-21,TLE,R,False,0,None,,0.0
0a1762d3-e3b1-42bf-9a0f-829e74c30701,Feral Deathgorger // Dusk Sight,TDM,2025-04-11,TDM,B,False,0,None,,0.0
703b3cce-4793-4f02-b777-20d1246020f1,Feral Deathgorger // Dusk Sight,TDM,2025-04-11,TDM,B,False,0,None,,0.0
54c95b89-172f-4bcd-ba71-7fafa5d1eb70,Fire Dragon,POR,1997-05-01,POR,R,False,0,None,,0.0
9bc81385-e267-4e4f-b0a1-b0776916307c,Firespitter Whelp,FDN,2024-11-15,"FDN, J25",R,False,0,None,,0.0
caf0a428-c1f5-404d-b77f-b8d4ef934677,Firestorm Hellkite,VIS,1997-02-03,VIS,RU,False,0,None,,0.0
21726aa7-273e-47bd-8ec0-8588286980d9,"Firkraag, Cunning Instigator",CLB,2022-06-10,CLB,RU,False,0,None,,0.0
c5e6ef45-cd9d-4c06-811b-fe0cb6146f75,Flameblast Dragon,ALA,2008-10-03,"ALA, ARC, C18, GN3, M12, PS11, SCD",R,False,0,None,,0.0
9e51732d-4b65-4326-9f18-51e5b2439342,Fledgling Dragon,JUD,2002-05-27,"JUD, MH3",R,False,0,None,,0.0
d18b6481-7392-4559-a115-bd6c2640e520,Foe-Razer Regent,DTK,2015-03-27,"DTK, PDTK, SCD",G,False,0,None,,0.0
f138efcd-255e-481a-91aa-a1f9943ffd85,Foe-Razer Regent,PTKDF,2015-04-03,PTKDF,G,False,0,None,,0.0
70691793-66f4-45f3-8e8a-7a32ea7de0c8,Forgestoker Dragon,BNG,2014-02-07,BNG,R,False,0,None,,0.0
68bf0780-c6d0-41d4-97d2-97e00bdfee59,Forgestoker Dragon,PBNG,2014-02-01,PBNG,R,False,0,None,,0.0
d421e35a-0383-44ec-906a-aba1a655f680,Freejam Regent,AER,2017-01-20,"AER, PAER",R,False,0,None,,0.0
c556ad04-5614-44f0-b079-2e7a2b5b146f,Furnace Dragon,DST,2004-02-06,"DST, WC04",R,False,0,None,,0.0
bc74e270-ed07-46ee-aec4-c48201216943,Furnace Hellkite,MH3,2024-06-14,MH3,R,False,0,None,,0.0
884d8ca0-0741-4314-9273-c864741c0fcc,Furnace Whelp,IMA,2017-11-17,"GN3, IMA, J22, JMP, PLST, SCD",R,False,0,None,,0.0
f9a19619-afe2-41ba-88f3-3106859fdb2e,Furnace Whelp,5DN,2004-06-04,"10E, 5DN, ARC, CMA, CMD, DD2, JVC, M13, M15, PS11",R,False,0,None,,0.0
ded6f037-5934-4686-a156-7a4ed54aae14,Furyborn Hellkite,M12,2011-07-15,M12,R,False,0,None,,0.0
29dbe141-0664-44da-a113-394d3682b8cf,"Gadrak, the Crown-Scourge",M21,2020-07-03,"J22, M21, PM21, TDC",R,False,0,None,,0.0
aa707590-6624-4401-b1e2-95678ea776ab,Galazeth Prismari,STX,2021-04-23,"PSTX, SOC, STX",RU,False,0,None,,0.0
0d2949f7-77c0-4d16-96b9-37600cf7f4eb,Galazeth Prismari,STX,2021-04-23,STX,RU,False,0,None,,0.0
d52be909-d538-4ecc-97ae-ee33d274ef30,"Ganax, Astral Hunter",CLB,2022-06-10,CLB,R,False,0,None,,0.0
5828e528-b703-4199-b8e3-59c7af9007a2,"Ganax, Astral Hunter",CLB,2022-06-10,CLB,R,False,0,None,,0.0
13136c99-5915-49d3-b1b5-3a1398c7ac61,Glorybringer,AKH,2017-04-28,"AKH, PAKH, TDC",R,False,0,None,,0.0
aca2595d-84a4-4cc7-9ecb-f3fee2b9be10,Glorybringer,PAKH,2017-04-28,PAKH,R,False,0,None,,0.0
812793d7-7874-4bc4-9ac0-8a20cd8bfdff,Gluttonous Hellkite,M3C,2024-06-14,M3C,BGR,False,0,None,,0.0
406aedc9-983f-4f79-baba-7f2392a3dfdf,Goldlust Triad,TDC,2025-04-11,TDC,R,False,0,None,,0.0
02ee4007-3f4b-4fd7-8026-f3583f2c4d60,Goldspan Dragon,KHM,2021-02-05,"J22, KHM, M3C, PKHM, PLST, SOC",R,False,0,None,,0.0
c8c784f4-ed5e-4070-9d21-62cca39c4fb7,Goldspan Dragon,SLD,2024-08-27,SLD,R,False,0,None,,0.0
7327abd6-f5b8-42ba-a89b-857982c8851c,Green Dragon,AFR,2021-07-23,AFR,G,False,0,None,,0.0
2019eab6-1f06-4ad2-a92d-5300f2449882,Green Dragon,AFR,2021-07-23,AFR,G,False,0,None,,0.0
d6a049a4-535d-495b-9e0f-6ce5e287c855,"Grendel, Spawn of Knull",SPE,2025-09-26,SPE,B,False,0,None,,0.0
482e60f8-2f57-433a-8d8d-b0bb23ba6112,Guardian Scalelord,MOC,2023-04-21,"MOC, SOC",W,False,0,None,,0.0
b867bbd6-8e28-4cdd-8a7e-858590130880,Hammerhead Tyrant,TDC,2025-04-11,TDC,U,False,0,None,,0.0
d514038a-b560-4fa7-9280-8fda2899e867,Harbinger of the Hunt,DTK,2015-03-27,"DTK, PDTK, TDC",GR,False,0,None,,0.0
4c2e1b17-68b3-45fe-935a-40359cc0fae0,Harbinger of the Hunt,PDTK,2015-03-27,"PDTK, SCD",GR,False,0,None,,0.0
1a30eb52-3578-4606-b1c3-21d25fe3897b,Hellkite Charger,ZEN,2009-10-02,"ARC, C17, CMM, MM2, PS11, ZEN",R,False,0,None,,0.0
fdecd2ee-01dd-4434-8168-8cc46c7e7e89,Hellkite Courser,CMR,2020-11-20,"CMR, TDC",R,False,0,None,,0.0
5513c760-41de-4d71-8078-a19742d9000a,Hellkite Hatchling,CON,2009-02-06,"CON, PC2, PCA",GR,False,0,None,,0.0
e886b969-053e-448f-a4e8-1fe4f38f30b1,Hellkite Igniter,MBS,2011-02-04,"BRC, C16, C18, C21, MBS, MOC",R,False,0,None,,0.0
a51ba40e-c746-43e7-aa00-a83d9957b65c,Hellkite Overlord,DRB,2008-08-29,"2X2, ALA, DRB, PLST",BGR,False,0,None,,0.0
a9043aca-9ff1-4f29-9d6c-3325f4b91192,Hellkite Punisher,M21,2020-07-03,M21,R,False,0,None,,0.0
5ca34428-5711-43d9-afd8-234f5d3dfd1a,Hellkite Tyrant,GTC,2013-02-01,"C16, C21, GTC, PLST, RVR",R,False,0,None,,0.0
50cf55a0-ff41-4f94-a96d-e6eab81825e9,Hellkite Tyrant,FIC,2025-06-13,FIC,R,False,0,None,,0.0
32a34385-e281-4d1e-a259-49acad6ee991,Hellkite Tyrant,RVR,2024-01-12,RVR,R,False,0,None,,0.0
1e92ec10-0b05-4d02-b530-ef7919bf2806,Hellkite Whelp,GRN,2018-10-05,"GRN, J25",R,False,0,None,,0.0
fc7d50de-ebf8-406a-a9e4-784d4ab7bf26,Henge Guardian,MMQ,1999-10-04,"DDG, MMQ",C,False,0,None,,0.0
31a94c26-3cfd-4e68-b50d-382a8c7abd68,Herdchaser Dragon,DTK,2015-03-27,DTK,G,False,0,None,,0.0
d373d774-cbf4-4ff8-b851-3a99be9999c8,"Herigast, Erupting Nullkite",MH3,2024-06-14,"MH3, PMH3",C,False,0,None,,0.0
7640a5bd-66ef-41d4-a672-5a8cc3867ec0,"Herigast, Erupting Nullkite",MH3,2024-06-14,MH3,C,False,0,None,,0.0
baaed344-c9fc-48dc-8ddb-f9eee957b080,Hidetsugu and Kairi,MOM,2023-04-21,"MOM, PMOM",BU,False,0,None,,0.0
46c9a988-e7c5-4285-ae83-459ab495d768,Hidetsugu and Kairi,MOM,2023-04-21,MOM,BU,False,0,None,,0.0
4f1cd767-fff7-48a8-a868-eac996bec527,Hoarding Broodlord,MOM,2023-04-21,"MOM, PMOM",B,False,0,None,,0.0
c8a8ad36-1243-4df4-a321-0c0a7eac7737,Hoarding Dragon,M11,2010-07-16,"CMM, FDN, IMA, M11, M15, PLST",R,False,0,None,,0.0
54505de4-9ac3-49af-bc55-02c9f8d6ad30,Hoard-Smelter Dragon,SOM,2010-10-01,"AFC, C14, C21, CM2, SCD, SOM",R,False,0,None,,0.0
07f98b40-a1c5-43b8-b630-ab1432839688,Hraesvelgr of the First Brood,FIC,2025-06-13,FIC,U,False,0,None,,0.0
ab00853f-00a2-4f11-9207-a3a138080468,Hunted Dragon,RAV,2005-10-07,"C15, CM2, PLST, RAV",R,False,0,None,,0.0
294a4079-e0ee-436c-b519-d32ed865cabe,Hypersonic Dragon,RTR,2012-10-05,"CLU, GK1, IMA, RTR",RU,False,0,None,,0.0
af011ae4-d045-4e87-b0e0-637ce06f9ff8,Hypersonic Dragon,PRTR,2012-10-05,PRTR,RU,False,0,None,,0.0
5198a304-19db-488c-b9f5-72d94e809995,Icefall Regent,DTK,2015-03-27,"DTK, E01, PDTK",U,False,0,None,,0.0
ba360e4d-0fca-4142-9c90-5c391dc2c319,"Icingdeath, Frost Tyrant",AFR,2021-07-23,"AFR, PAFR",W,False,0,None,,0.0
15da334a-6cc9-48c2-97c3-81df3b9b2631,"Icingdeath, Frost Tyrant",SLD,2022-06-14,SLD,W,False,0,None,,0.0
6fd49cbd-b5d2-4953-a6fe-94196fbbdef0,"Icingdeath, Frost Tyrant",AFR,2021-07-23,AFR,W,False,0,None,,0.0
58382e85-fd3d-4b4a-963e-aff4cc7df963,Immersturm Predator,KHM,2021-02-05,"FDN, KHM, PKHM",BR,False,0,None,,0.0
b427d76a-a4a9-4b7c-bc5c-ac10e0e0fd3b,Imperial Hellkite,LGN,2003-02-03,"ARC, LGN, MKC",R,False,0,None,,0.0
85dfbaa6-8dbe-48c0-a9c0-a7328075ab91,Incinerator of the Guilty,MKM,2024-02-09,"MKM, PMKM",R,False,0,None,,0.0
7e52550c-8382-4d45-a5e0-77d4c7761b03,Incinerator of the Guilty,MKM,2024-02-09,MKM,R,False,0,None,,0.0
2851a52c-e8f1-45fc-aaf3-021cd07b408a,Inferno of the Star Mounts,AFR,2021-07-23,"AFR, PAFR",R,False,0,None,,0.0
5cb57688-9c03-4809-85b0-da3b3188433f,Inferno of the Star Mounts,SLD,2022-06-14,SLD,R,False,0,None,,0.0
18914eb2-b676-48fb-a847-7e7f30322d0c,Inferno of the Star Mounts,AFR,2021-07-23,AFR,R,False,0,None,,0.0
af9bb215-98dd-4ec6-b9d9-d75f4c518c0f,"Intet, the Dreamer",PLC,2007-02-02,"2X2, C17, CMD, OCMD, PLC",GRU,False,0,None,,0.0
4c50f51b-21a7-430d-842b-2b372b2de6d8,"Iymrith, Desert Doom",AFR,2021-07-23,"AFR, PAFR",U,False,0,None,,0.0
b6a68894-6cdc-434a-b3bf-c706096ef279,"Iymrith, Desert Doom",SLD,2022-06-14,SLD,U,False,0,None,,0.0
63768059-bf27-4586-a2c8-11aa64c459bb,"Iymrith, Desert Doom",AFR,2021-07-23,AFR,U,False,0,None,,0.0
2d5d2160-3c3c-4392-a36b-bd11ce695eee,Jaded Sell-Sword,AFR,2021-07-23,AFR,R,False,0,None,,0.0
3014f3d1-3955-4e53-b40d-d0920cdeae1c,Jeskai Shrinekeeper,TDM,2025-04-11,TDM,RUW,False,0,None,,0.0
8559578e-982f-4e2f-a30d-70a0e9792d47,Jeskai Shrinekeeper,TDM,2025-04-11,TDM,RUW,False,0,None,,0.0
0b7db64e-a455-4f85-9ff2-20e6c9fdc9a0,"Jugan, the Rising Star",IMA,2017-11-17,"IMA, PLST",G,False,0,None,,0.0
6340e6a2-71e5-40de-ad66-745c086c9a07,"Jugan, the Rising Star",CHK,2004-10-01,"CHK, MMA",G,False,0,None,,0.0
ca4b32ec-4236-4d01-9372-a6aa1b688119,"Junji, the Midnight Sky",NEO,2022-02-18,"M3C, NEO, PNEO, TDC",B,False,0,None,,0.0
5257d9b0-5b59-4353-927b-fe95f2496798,"Junji, the Midnight Sky",SLC,2025-11-03,SLC,B,False,0,None,,0.0
e750c709-fe79-44c8-b8cc-438f87341fcb,"Junji, the Midnight Sky",NEO,2022-02-18,NEO,B,False,0,None,,0.0
9259e673-f9e8-4729-8297-bfc0cc6963fd,Juvenile Mist Dragon,CLB,2022-06-10,CLB,U,False,0,None,,0.0
aca2dcb5-ddde-48c1-a875-eee0057e16de,"Kairi, the Swirling Sky",NEO,2022-02-18,"NEO, PNEO",U,False,0,None,,0.0
30e1e092-7f21-4f77-b747-860e15168298,"Kairi, the Swirling Sky",NEO,2022-02-18,NEO,U,False,0,None,,0.0
4b0a154f-fc9f-4836-afce-23d3daab9c14,Karakyk Guardian,TDM,2025-04-11,TDM,GRU,False,0,None,,0.0
ff8082e2-2e3c-4bd8-b81e-5bbabd4a59f5,Karakyk Guardian,TDM,2025-04-11,TDM,GRU,False,0,None,,0.0
67c6b844-8dc3-4713-815b-da5bafec53c2,Karox Bladewing,TDOM,2018-04-27,"TDOM, TSCD, TTDC",R,False,0,None,,0.0
f5509fe6-e675-43bc-9b20-7ae1fa89d5db,"Karrthus, Tyrant of Jund",ARB,2009-04-30,"2XM, ARB, OCM1, PLST",BGR,False,0,None,,0.0
75108da3-7148-4445-a8da-e026150a28f5,"Karrthus, Tyrant of Jund",SLD,2023-04-14,SLD,BGR,False,0,None,,0.0
037bb686-e060-4218-a692-5dda3748afc3,"Keiga, the Tide Star",CHK,2004-10-01,"CHK, MMA, TDC",U,False,0,None,,0.0
5f17450e-809d-4efa-9229-33356200dd21,"Keiga, the Tide Star",IMA,2017-11-17,"CLB, IMA",U,False,0,None,,0.0
7d8f79c0-390c-48f9-a789-11574352f2e5,Kharis & The Beholder,PH18,2019-08-01,PH18,GW,False,0,None,,0.0
5c7da2a8-136b-4b13-97d0-6ac6860400bf,Kheru Goldkeeper,TDM,2025-04-11,TDM,BGU,False,0,None,,0.0
5167e959-75e4-49eb-8424-ede62346f724,Kheru Goldkeeper,TDM,2025-04-11,TDM,BGU,False,0,None,,0.0
dcac3da0-8fd8-4e7c-9ff8-dd1f0ea93f6a,Khorvath Brightflame,BBD,2018-06-08,"BBD, PBBD",R,False,0,None,,0.0
9e9e3cd6-c2f3-4b5c-a939-d700a460419f,Kilnmouth Dragon,LGN,2003-02-03,"ARC, DDG, LGN, PLST",R,False,0,None,,0.0
1e83c1ae-5bf3-4c99-999d-8569c20e8bed,"Klauth, Unrivaled Ancient",AFC,2021-07-23,"AFC, PLST",GR,False,0,None,,0.0
9918c992-78db-40c0-8670-a9b51afb77a8,"Klauth, Unrivaled Ancient",SLD,2026-02-09,SLD,GR,False,0,None,,0.0
64743aa5-0fab-4942-b905-b50722301b7d,Knollspine Dragon,SHM,2008-05-02,"GN3, PLST, SHM",R,False,0,None,,0.0
c432350b-b1c3-412a-84f8-8138d522c2f0,Knollspine Dragon,LTC,2023-06-23,LTC,R,False,0,None,,0.0
1d85ec27-dbbe-47b6-a44e-c6e2f7671a0e,"Kokusho, the Evening Star",IMA,2017-11-17,IMA,B,False,0,None,,0.0
745aacff-a324-4f9f-a61e-59266fffabe7,"Kokusho, the Evening Star",CHK,2004-10-01,"CHK, DRB, MMA",B,False,0,None,,0.0
266805f7-eef2-4cb8-9397-02672b133a57,"Kokusho, the Evening Star",SLD,2025-02-21,SLD,B,False,0,None,,0.0
ae49fcf1-d5b0-4612-a8bd-9cff36bfd59c,"Kolaghan, the Storm's Fury",FRF,2015-01-23,"C17, FRF, PFRF",BR,False,0,None,,0.0
6f96d4ec-d5d1-4cf6-9abd-618327bb9429,"Korlessa, Scale Singer",CLB,2022-06-10,CLB,GU,False,0,None,,0.0
e7967c06-a166-4d60-a3df-3c257715716f,"Korlessa, Scale Singer",CLB,2022-06-10,CLB,GU,False,0,None,,0.0
0cf18675-723c-4d6d-9ec2-c0a1d0331b41,"Korvold, Fae-Cursed King",ELD,2019-10-04,"ELD, EOC, PLST",BGR,False,0,None,,0.0
bab3bd2b-792b-4ba9-8dbe-79cf62cb3af8,"Korvold, Fae-Cursed King",SLD,2024-05-13,SLD,BGR,False,0,None,,0.0
00d39e42-2806-4e98-9bdd-20c65eed5476,"Korvold, Fae-Cursed King",PL24,2024-02-08,PL24,BGR,False,0,None,,0.0
639c582e-73c0-47b9-8474-ec22b0ad9e89,"Korvold, Gleeful Glutton",WOC,2023-09-08,WOC,BGR,False,0,None,,0.0
3035d080-fef4-45e4-99c1-09fdea96651a,"Kura, the Boundless Sky",NEO,2022-02-18,"NEO, PNEO",G,False,0,None,,0.0
63632602-7e79-45a1-934f-830a94c409e1,"Kura, the Boundless Sky",NEO,2022-02-18,NEO,G,False,0,None,,0.0
e97db26d-dcb3-4e93-8bde-1b7939756c2a,"Kyodai, Soul of Kamigawa",NEO,2022-02-18,"NEO, PNEO",W,False,0,None,,0.0
63a5f874-071d-4a79-bbd1-b76443d79dc7,"Kyodai, Soul of Kamigawa",NEO,2022-02-18,NEO,W,False,0,None,,0.0
81d46a79-6cc8-4ba5-8a11-cca6dc0179fd,"Lathliss, Dragon Queen",PM19,2018-07-01,"FDN, GN2, J22, JMP, M19, PLST, PM19, TDC",R,False,0,None,,0.0
e3cf0a7c-aba8-46c8-9b18-3fac171fed28,"Lathliss, Dragon Queen",J25,2024-11-15,J25,R,False,0,None,,0.0
2d386795-abf6-4af5-8b2c-44df802ce1ee,"Lathliss, Dragon Queen",SLD,2022-11-04,SLD,R,False,0,None,,0.0
1efebbbf-7253-4ca8-8198-181331f7210f,"Lathliss, Dragon Queen",SLD,2022-11-04,SLD,R,False,0,None,,0.0
7123c795-94a6-41d7-af69-bdb59bac9b1f,Lava-Field Overlord,BBD,2018-06-08,BBD,R,False,0,None,,0.0
efe9e3ee-b064-4a35-bf3c-4b972dd125d6,Leyline Tyrant,ZNR,2020-09-25,"PZNR, TDC, ZNR",R,False,0,None,,0.0
305f7537-b8fb-4334-817c-3a26e9c49b3f,Lightning Dragon,PUSG,1998-09-26,"PUSG, USG",R,False,0,None,,0.0
40d79ca0-a88c-4d6d-bdfa-da0452a2fe70,Lightning Shrieker,FRF,2015-01-23,"FRF, JMP, PLST",R,False,0,None,,0.0
042e6188-3e01-4585-af23-e0d7bd739a17,"Livaan, Cultist of Tiamat",CLB,2022-06-10,CLB,R,False,0,None,,0.0
23c6b348-f57c-4174-9c88-4bfffa973266,"Livaan, Cultist of Tiamat",CLB,2022-06-10,CLB,R,False,0,None,,0.0
703d114d-4a76-4f87-8cb6-2a355240629d,Loch Dragon,ELD,2019-10-04,ELD,RU,False,0,None,,0.0
3e1e3c23-465a-402e-b83c-b5ba58a20b3a,"Lorehold, the Historian",SOS,2026-04-24,SOS,RW,False,0,None,,0.0
9c14aa77-b28b-42e0-9c3b-d4009dbba3aa,"Lorehold, the Historian",SOS,2026-04-24,SOS,RW,False,0,None,,0.0
3a9342d6-1863-4975-9831-1cb907249bf9,Lotus Guardian,INV,2000-10-02,INV,C,False,0,None,,0.0
6c39a8d3-ebb0-4dce-8e63-9438d3eeed84,"Lozhan, Dragons' Legacy",CLB,2022-06-10,CLB,RU,False,0,None,,0.0
d245c7df-d5dd-4648-8dd3-4d4d262b0202,"Lozhan, Dragons' Legacy",CLB,2022-06-10,CLB,RU,False,0,None,,0.0
21aed3b7-42cf-4609-bb65-60a99a34b89a,Lurking Green Dragon,CLB,2022-06-10,CLB,G,False,0,None,,0.0
6fbd7a64-2f29-428b-86df-38814b9e05be,Magmatic Hellkite,TDM,2025-04-11,"PTDM, TDM",R,False,0,None,,0.0
fc29547f-3c87-4de0-a643-d1b3ce9557a3,Magmatic Hellkite,TDM,2025-04-11,TDM,R,False,0,None,,0.0
5f324118-69b6-4f08-85b1-e0544125d52e,Malevolent Witchkite,WOE,2023-09-08,WOE,B,False,0,None,,0.0
bee2a5ac-f147-4a1e-9d24-8821d481ec5d,Malfegor,PCON,2009-01-31,"IMA, PCON",BR,False,0,None,,0.0
43d5aea1-8a03-4c5d-881a-90aadd9e7c1c,Malfegor,CON,2009-02-06,"CMA, CMD, CON",BR,False,0,None,,0.0
718684f7-dafc-43c8-a005-6fb05a96e451,Mana-Charged Dragon,CMD,2011-06-17,"CMA, CMD",R,False,0,None,,0.0
0e5abfe1-c94b-4dca-b340-05afba3bc8a2,Manaform Hellkite,VOW,2021-11-19,"PVOW, SOC, TDC, VOW",R,False,0,None,,0.0
e0e8b596-19f2-4f90-9107-b772a5e18d27,Manaform Hellkite,DBL,2022-01-28,DBL,R,False,0,None,,0.0
fbf61d3f-f98e-4dae-a3ed-b361a8bc625f,Marang River Regent // Coil and Catch,TDM,2025-04-11,"PTDM, TDM",U,False,0,None,,0.0
ebf9f410-b3c7-4224-a76b-aef71cff8d4d,"Miirym, Sentinel Wyrm",CLB,2022-06-10,"CLB, PCLB",GRU,False,0,None,,0.0
c9348322-1850-4f98-a777-781acbe07edd,"Miirym, Sentinel Wyrm",SLD,2026-02-09,SLD,GRU,False,0,None,,0.0
debb7092-973c-440a-930a-97d3c3c72bb7,"Miirym, Sentinel Wyrm",CLB,2022-06-10,CLB,GRU,False,0,None,,0.0
17968ece-93c0-4618-9e71-b4c3ff317565,Mindscour Dragon,FRF,2015-01-23,FRF,U,False,0,None,,0.0
936c9b6e-aa09-4e6a-8916-1e79002b462c,Mirrorwing Dragon,EMN,2016-07-22,"EMN, INR, J25, PEMN, SOC",R,False,0,None,,0.0
d8ff6387-025c-42fc-9db3-f9b24dbd089b,Mirrorwing Dragon,TLE,2025-11-21,TLE,R,False,0,None,,0.0
f2598e7a-5147-4d7d-9341-452528759fc9,Mist Dragon,MIR,1996-10-08,MIR,U,False,0,None,,0.0
9fbe124f-b3bf-4ba3-b5b9-6de0d28f9c24,Moltensteel Dragon,NPH,2011-05-13,NPH,R,False,0,None,,0.0
1f1bb14f-ceb6-4e64-bb2d-b8228d573199,Moonveil Dragon,DKA,2012-02-03,DKA,R,False,0,None,,0.0
d3dbac62-7344-4a38-88df-f66848c815f2,Moonveil Regent,MID,2021-09-24,"MID, PMID",R,False,0,None,,0.0
9b547ad6-6a39-4c2c-a4f4-6365c57da908,Moonveil Regent,DBL,2022-01-28,DBL,R,False,0,None,,0.0
a7403a4b-553f-4871-9b32-83e885bab2bd,Mordant Dragon,WWK,2010-02-05,"DDG, SCD, WWK",R,False,0,None,,0.0
9e891009-4bb3-4bc1-b0d3-79babfcc9dfd,Murktide Regent,PMH2,2021-05-06,"MH2, PLST, PMH2",U,False,0,None,,0.0
8c6c47d4-8699-49c0-a213-5f9a57994836,Murktide Regent,SLD,2025-02-10,SLD,U,False,0,None,,0.0
c94df37f-95a4-4baa-ab6e-57737f2e30cf,Murktide Regent,SLP,2024-02-23,SLP,U,False,0,None,,0.0
41373581-3c24-4d46-b4b0-fccf11e446c6,Murktide Regent,MH2,2021-06-18,MH2,U,False,0,None,,0.0
0b15961e-8a08-4419-9799-4446c47a7df7,"Nadaar, Selfless Paladin",AFR,2021-07-23,"AFR, PAFR",W,False,0,None,,0.0
beb5a6cc-dda3-436c-a100-632aec1813f7,"Nadaar, Selfless Paladin",AFR,2021-07-23,AFR,W,False,0,None,,0.0
4bd06daa-ec5c-460e-b2f8-2aee431858f2,Nalathni Dragon,MB2,2024-08-02,MB2,R,False,0,None,,0.0
9194e4f3-cb39-44ae-ba8e-617d2376320e,Nalathni Dragon,PDRC,1994-07-15,"PDRC, PRED",R,False,0,None,,0.0
4855aac5-be0b-49ff-bea4-e6982ea4b666,Nebula Dragon,EOE,2025-08-01,EOE,R,False,0,None,,0.0
45c6a8ff-b0de-4216-ae02-c10d4d04c316,Necromaster Dragon,DTK,2015-03-27,"DTK, PDTK",BU,False,0,None,,0.0
4e9eac72-ebdf-46f7-9b1b-b82c4d07889c,Necromaster Dragon,PDTK,2015-03-27,PDTK,BU,False,0,None,,0.0
dea43833-6f9d-4c24-804b-c518426faf7f,"Neriv, Crackling Vanguard",TDC,2025-04-11,TDC,BRW,False,0,None,,0.0
dd8122d3-d3cd-4536-b6f1-473f8a5fe526,"Neriv, Heart of the Storm",TDM,2025-04-11,"PTDM, TDM",BRW,False,0,None,,0.0
519c9002-07ca-4ec2-94c6-a4ef20fbcf04,"Neriv, Heart of the Storm",TDM,2025-04-11,TDM,BRW,False,0,None,,0.0
d602185f-319f-4499-9f4d-d0ab98fc5734,"Neriv, Heart of the Storm",TDM,2025-04-11,TDM,BRW,False,0,None,,0.0
a81cfaeb-c9f1-4461-a88c-cdfded98928e,Nesting Dragon,C18,2018-08-10,"C18, CMM, OTC, TDC",R,False,0,None,,0.0
c13af880-069a-405c-85c1-88901f31e740,Nicol Bolas,DRB,2008-08-29,"A25, DRB, PLST",BRU,False,0,None,,0.0
8e6baed3-3534-4c54-8fde-3f8c9bde0027,Nicol Bolas,LEG,1994-06-01,"BCHR, CHR, LEG, TSB",BRU,False,0,None,,0.0
97c7d05a-3ee7-4e4b-9421-24b5fe514895,Nicol Bolas,PMDA,2023-09-29,PMDA,BRU,False,0,None,,0.0
8b5b7fd5-faa1-4a3d-a5db-759a2c521787,Nicol Bolas,SLD,2022-11-02,SLD,BRU,False,0,None,,0.0
4fcd010a-cb4b-43a2-9218-0c2d3a894af0,Nimbleclaw Adept,CLB,2022-06-10,CLB,U,False,0,None,,0.0
ee439f3b-826b-4dab-a4c4-97405eb42af4,"Nira, Hellkite Duelist",PHTR,2017-09-20,PHTR,BGRUW,False,0,None,,0.0
7ebf4ebd-187d-4075-a02e-0a50a19d82ec,"Niv-Mizzet, Dracogenius",RTR,2012-10-05,"C17, MM3, RTR",RU,False,0,None,,0.0
34d6715a-f3c3-44b8-b295-b027a46cffd4,"Niv-Mizzet, Guildpact",MKM,2024-02-09,"MKM, PMKM",BGRUW,False,0,None,,0.0
bd252990-9b2d-4834-8e38-9fdeee662e43,"Niv-Mizzet, Guildpact",MKM,2024-02-09,MKM,BGRUW,False,0,None,,0.0
3550da68-dc00-4ac3-a9c5-2ff8006e6435,"Niv-Mizzet, Guildpact",MKM,2024-02-09,MKM,BGRUW,False,0,None,,0.0
e0137c61-511d-4a18-91d4-cac4437f8692,"Niv-Mizzet, Parun",GRN,2018-10-05,"CLB, GRN, OTC, PGRN, PLST, RVR",RU,False,0,None,,0.0
99309d28-73f2-4c5b-89e3-e473e29e0bd0,"Niv-Mizzet, Parun",SLD,2025-02-21,SLD,RU,False,0,None,,0.0
982537b3-f739-49b5-b92a-74110a5154fe,"Niv-Mizzet, Parun",RVR,2024-01-12,RVR,RU,False,0,None,,0.0
0ea54a23-5660-4c2f-85f6-54fca99a5d29,Niv-Mizzet Reborn,WAR,2019-05-03,"MUL, PLST, PWAR, RVR, WAR",BGRUW,False,0,None,,0.0
311fdcef-cb11-4d0f-9e24-1195d11d5faf,Niv-Mizzet Reborn,MUL,2023-04-21,MUL,BGRUW,False,0,None,,0.0
5606e087-cb0d-45bb-8b2f-3be5a9ff6b70,"Niv-Mizzet, Supreme",MAT,2023-05-12,MAT,BGRUW,False,0,None,,0.0
62275bc2-9fe6-4b1b-8c20-18c58a0e7a6e,"Niv-Mizzet, Supreme",MAT,2023-05-12,MAT,BGRUW,False,0,None,,0.0
4fe18888-ae07-4e02-a99b-bdc95194494c,"Niv-Mizzet, the Firemind",GPT,2006-02-03,"A25, C17, C20, DRB, GPT, MM2, PCMP, RVR",RU,False,0,None,,0.0
2d8dec04-492d-459e-9b86-e6c76e29da26,"Niv-Mizzet, the Firemind",DDJ,2012-09-07,DDJ,RU,False,0,None,,0.0
7232a314-7dc6-40ee-80d9-18a44b9184f1,"Niv-Mizzet, the Firemind",GK1,2018-11-02,"GK1, P30A",RU,False,0,None,,0.0
97a73bb1-d3c0-4172-9eb1-de6007718575,"Niv-Mizzet, Visionary",FDN,2024-11-15,"FDN, PFDN",RU,False,0,None,,0.0
75081d35-ed8c-4aa5-ac73-4694f687277a,"Niv-Mizzet, Visionary",FDN,2024-11-15,FDN,RU,False,0,None,,0.0
ab7d788d-0d8b-4851-8b2c-6da98b3d00e4,North Wind Avatar,TMT,2026-03-06,TMT,RU,False,0,None,,0.0
807795ee-3343-4dbd-9a7f-7ea47c5d7066,North Wind Avatar,TMT,2026-03-06,TMT,RU,False,0,None,,0.0
38f3e14c-7de2-4b2d-bb93-1f44d7f64baf,Nova Hellkite,EOE,2025-08-01,"EOE, PEOE",R,False,0,None,,0.0
cc0d7107-57e0-4706-9078-9856d70af438,Nova Hellkite,EOE,2025-08-01,EOE,R,False,0,None,,0.0
ae129aab-7483-4332-aafe-7ebbd03693f9,Noxious Dragon,FRF,2015-01-23,"BBD, CMR, FRF, IMA, PLST",B,False,0,None,,0.0
7f5a3f9d-ab06-4847-b0da-b0a4f2f109cb,"Numot, the Devastator",PLC,2007-02-02,"CMD, OCMD, PLC",RUW,False,0,None,,0.0
deca6a70-4c1d-4d04-9e0d-c211c6ccb79c,Obsidian Charmaw,PMH2,2021-05-06,"MH2, PMH2",R,False,0,None,,0.0
ef926679-df34-4d32-b7c0-a210ab5f12b9,Obsidian Charmaw,MH2,2021-06-18,MH2,R,False,0,None,,0.0
de08b363-7be4-450d-ab04-09100a1db665,Oceanus Dragon,CLB,2022-06-10,CLB,U,False,0,None,,0.0
d2035498-73b3-4fd7-b323-e4279c8815fd,Oculus Whelp,MOM,2023-04-21,MOM,U,False,0,None,,0.0
bae3bb32-c7ac-4a32-b7e0-e65cbc325b60,"Ojutai, Soul of Winter",FRF,2015-01-23,"C17, FRF, PFRF",UW,False,0,None,,0.0
ce68a213-e38b-4ee9-bbf3-14c7bae8b7e6,"O-Kagachi, Vengeful Kami",C17,2017-08-25,"C17, DMC, MB2",BGRUW,False,0,None,,0.0
6c82d38a-7233-44e2-bb97-569d7d2b7247,Old Gnawbone,AFR,2021-07-23,"AFR, PAFR, PLST",G,False,0,None,,0.0
9894bbfe-4267-47a4-8dc7-21bfa92b4d69,Old Gnawbone,SLD,2022-06-14,SLD,G,False,0,None,,0.0
3d109086-cf19-41b8-b2fb-dc07da9490b3,Old Gnawbone,AFR,2021-07-23,AFR,G,False,0,None,,0.0
3aa4a647-117c-4abf-b1e8-39e17354ba27,Opportunistic Dragon,ELD,2019-10-04,"AFC, ELD, PELD, TDC",R,False,0,None,,0.0
45612f74-0d4b-4e4d-b4fd-95cf125ef62b,Ore-Scale Guardian,MH1,2019-06-14,MH1,R,False,0,None,,0.0
d3590a7a-bbf2-4639-a773-8438491a3bdb,"Oros, the Avenger",PLC,2007-02-02,"CMA, CMD, OCMD, PLC",BRW,False,0,None,,0.0
f6c27109-252e-49e4-871c-e902521cc294,"Oros, the Avenger",PPLC,2007-01-20,PPLC,BRW,False,0,None,,0.0
5fdaf3fa-1c2b-4720-b2bd-b5b55ca0cdd1,Palladia-Mors,LEG,1994-06-01,"BCHR, CHR, LEG",GRW,False,0,None,,0.0
2ac211e3-a27d-40f7-9095-78de333d023c,Palladia-Mors,SLD,2022-11-02,SLD,GRW,False,0,None,,0.0
ec0afd26-62d4-4ebb-a34e-b4ed68cc80b7,"Palladia-Mors, the Ruiner",M19,2018-07-13,"M19, PM19",GRW,False,0,None,,0.0
6aa3c025-0443-41d3-aaa4-97fe9e7040f1,Parapet Thrasher,TDC,2025-04-11,TDC,R,False,0,None,,0.0
77ffe6da-7fb1-4f14-bef4-67e70e184bc7,Pardic Dragon,TSP,2006-10-06,"MMA, TSP",R,False,0,None,,0.0
921fee88-cbde-4772-96d3-2cb354affa53,Patron of the Arts,CLB,2022-06-10,CLB,R,False,0,None,,0.0
5bf70cd5-8392-448f-9309-db20e29bc8f5,Pearl Dragon,MIR,1996-10-08,"6ED, MIR",W,False,0,None,,0.0
914cb58c-6741-4791-881b-a7160224cff4,Phantasmal Dragon,PMEI,2011-06-27,"DDM, M12, PLST, PMEI",U,False,0,None,,0.0
4cbe85d3-4b24-4fb3-9f3f-4028ff07d01b,Phyrexian Dragon Engine,BRO,2022-11-18,"BRO, PBRO",C,False,0,None,,0.0
269240cd-5ecf-4808-bd6c-ad85d780b671,"Piru, the Volatile",PMH2,2021-05-06,"MH2, PMH2",BRW,False,0,None,,0.0
bb26d844-6538-47fc-ab0c-7488b9a86d05,Plundering Predator,J22,2022-12-02,J22,R,False,0,None,,0.0
21796388-91fc-47bc-991d-4f689b74ac69,Predator Dragon,ALA,2008-10-03,ALA,R,False,0,None,,0.0
463055b4-a0d5-4265-9e16-463e710a0d70,Preyseizer Dragon,PC2,2012-06-01,"PC2, PCA, PLST",R,False,0,None,,0.0
590e70ef-3a5f-4143-8850-4157860ff6d7,"Prismari, the Inspiration",SOS,2026-04-24,SOS,RU,False,0,None,,0.0
06ff1659-3ef3-4864-abd7-545bcb0617b9,"Prismari, the Inspiration",SOS,2026-04-24,SOS,RU,False,0,None,,0.0
a4b2e518-93d2-454b-ba0b-7c320ecd7c8c,Pristine Skywise,DTK,2015-03-27,"C19, DTK, PDTK",UW,False,0,None,,0.0
bc6f4af2-026a-4b4d-84a7-d9ab82b4d795,Pristine Skywise,PDTK,2015-03-27,PDTK,UW,False,0,None,,0.0
b96b45bc-5bc9-4578-8789-4833d820a6b7,"Prossh, Skyraider of Kher",C13,2013-11-01,"A25, C13, CMR, OC13, PLST",BGR,False,0,None,,0.0
39177c88-0e98-4338-aa18-86e5a8048ba2,"Prossh, Skyraider of Kher",SLD,2024-06-24,SLD,BGR,False,0,None,,0.0
62f63efd-ec8c-4920-a921-c73b16c2e656,Protector of the Wastes,TDC,2025-04-11,TDC,W,False,0,None,,0.0
1e9fdb4c-4347-4f67-9e35-7a076902863d,Pseudodragon Familiar,CLB,2022-06-10,CLB,U,False,0,None,,0.0
becaaad5-81a9-4b08-912e-ed6bf17edca3,Purging Stormbrood // Absorb Essence,TDM,2025-04-11,TDM,B,False,0,None,,0.0
b42ca47b-aea8-4f31-b8f4-6866ca1cd2b2,Purging Stormbrood // Absorb Essence,TDM,2025-04-11,TDM,B,False,0,None,,0.0
9e9edaa3-1279-473f-bdb8-4f055a881da8,Purifying Dragon,MID,2021-09-24,"MID, PLST",R,False,0,None,,0.0
4d6e0aa1-afa2-4b04-9067-cee53a008281,Purifying Dragon,DBL,2022-01-28,DBL,R,False,0,None,,0.0
6dd5a9a5-d258-46b7-975e-66e7300e1e98,"Quandrix, the Proof",SOS,2026-04-24,SOS,GU,False,0,None,,0.0
29279f4c-fc91-414d-a87b-acbc7bbacbc0,"Quandrix, the Proof",SOS,2026-04-24,SOS,GU,False,0,None,,0.0
cf468439-c4de-4f74-9b1b-598651b6f47a,Quicksilver Dragon,ONS,2002-10-07,"DD2, JVC, ONS, PLST",U,False,0,None,,0.0
bdccc400-4506-4405-8d01-cf76a2cedc1d,Ragefire Hellkite,DMU,2022-09-09,DMU,R,False,0,None,,0.0
4a526291-9f4c-4448-85c3-8849dd51b5d8,Rakdos Pit Dragon,DIS,2006-05-05,"DD2, DIS, GK2, JVC, RVR",R,False,0,None,,0.0
df99d455-b0da-43f0-9534-7450e80b1541,"Ramos, Dragon Engine",C17,2017-08-25,"BRR, C17, CMR, FDN",C,False,0,None,,0.0
5c49418c-9347-4f87-8011-23169e78bbe0,"Ramos, Dragon Engine",BRR,2022-11-18,BRR,C,False,0,None,,0.0
a30c6954-6358-4b57-8afd-8bc5a73fe3ba,Ran and Shaw,TLA,2025-11-21,"PTLA, TLA",R,False,0,None,,0.0
8ce9361c-9c4f-405d-a2d2-ae7196311a53,Ran and Shaw,TLA,2025-11-21,TLA,R,False,0,None,,0.0
ef1d1be7-fb29-4158-ae65-c7c8810dadf7,Rapacious Dragon,M20,2019-07-12,"2XM, CMM, FDN, GN3, J25, JMP, M20, PLST, SCD, TDC",R,False,0,None,,0.0
884a1193-286a-4dfd-8f46-e1c5906708ff,Rapacious Dragon,J22,2022-12-02,J22,R,False,0,None,,0.0
95b5eee5-a3bc-421f-816b-075902577910,Rathi Dragon,TMP,1997-10-14,"9ED, TMP",R,False,0,None,,0.0
1cc3f242-070c-42a5-9132-daddd1213578,Realm-Scorcher Hellkite,WOE,2023-09-08,"PWOE, WOE",R,False,0,None,,0.0
cda2f18d-201b-4e44-a264-b6c16443753f,Realm-Scorcher Hellkite,PWCS,2024-04-19,PWCS,R,False,0,None,,0.0
65e3a4a0-787b-446e-b8a0-9bbf3f56ee71,Reckless Barbarian,CLB,2022-06-10,"CLB, PLST",R,False,0,None,,0.0
9c8f81c4-516b-4aaf-aa00-cdaefa52199f,Red Dragon,AFR,2021-07-23,AFR,R,False,0,None,,0.0
c768f55a-11e3-46fb-8d99-3fcd9cf275ca,Red Dragon,AFR,2021-07-23,AFR,R,False,0,None,,0.0
00acf49f-53c8-4e18-8108-e43543257325,Reliquary Dragon,TTDM,2025-04-11,TTDM,BGRUW,False,0,None,,0.0
c0272132-a9fe-4add-ac58-d41c8a156f39,"Renari, Merchant of Marvels",CLB,2022-06-10,CLB,U,False,0,None,,0.0
b9c0e370-b9b0-4867-be68-b8a0e946d3cd,"Renari, Merchant of Marvels",CLB,2022-06-10,CLB,U,False,0,None,,0.0
55225fe9-6b60-40c1-ba67-15bfe59d0a70,Riling Dawnbreaker // Signaling Roar,TDM,2025-04-11,TDM,W,False,0,None,,0.0
192e5b81-9706-4e9b-88dc-3eed541872ca,Riling Dawnbreaker // Signaling Roar,TDM,2025-04-11,TDM,W,False,0,None,,0.0
7352cd91-8b3d-422c-8efb-b4d916513c95,Rimescale Dragon,CSP,2006-07-21,CSP,R,False,0,None,,0.0
89d576f2-26da-4a5f-af1d-a3bed44335bc,"Rith, Liberated Primeval",DMU,2022-09-09,"DMU, PDMU",GRW,False,0,None,,0.0
e592dc59-643a-4cbc-8234-77e98169dcfa,"Rith, Liberated Primeval",DMU,2022-09-09,DMU,GRW,False,0,None,,0.0
e9c93cb6-d694-4747-9ae4-2c9ef21b581c,"Rith, the Awakener",DMR,2023-01-13,DMR,GRW,False,0,None,,0.0
e9f2701e-1ab3-4d53-833e-475d3a1d49d6,"Rith, the Awakener",INV,2000-10-02,"DDE, INV, PLST",GRW,False,0,None,,0.0
7fd3d32d-77e1-4ba0-b159-cda7fe9b05ec,"Rith, the Awakener",DRB,2008-08-29,DRB,GRW,False,0,None,,0.0
9953acc3-cf3a-40f2-9aaa-a59e1e3b351d,Rorix Bladewing,EMA,2016-06-10,"CMM, EMA",R,False,0,None,,0.0
21d5ccf0-9bff-4118-8d48-b2b687bcc82b,Rorix Bladewing,ONS,2002-10-07,"HOP, ONS",R,False,0,None,,0.0
77911002-69a8-4ed6-b90a-ebf5b44c6d5a,Runehorn Hellkite,C16,2016-11-11,"C16, SCD",R,False,0,None,,0.0
76ce712f-bfe7-4fb5-9086-9b741cf2c4ec,Runescale Stormbrood // Chilling Screech,TDM,2025-04-11,TDM,R,False,0,None,,0.0
a4edbecb-f920-4463-a8ae-11d4189f49bd,Runescale Stormbrood // Chilling Screech,TDM,2025-04-11,TDM,R,False,0,None,,0.0
398a53eb-90f7-4861-adde-739a8087c5cd,Ruthless Deathfang,DTK,2015-03-27,"DTK, MIC",BU,False,0,None,,0.0
a8b6ba10-c027-4d50-8a8b-dc15527a3c24,"Ryusei, the Falling Star",IMA,2017-11-17,"CLB, IMA",R,False,0,None,,0.0
e18763b2-f791-4b75-a247-8de1f687dd9c,"Ryusei, the Falling Star",CHK,2004-10-01,"ARC, C17, CHK, MMA, PLST",R,False,0,None,,0.0
ca3f68ba-d27a-4197-ba41-7fa7ae896172,"Ryusei, the Falling Star",PCHK,2004-09-18,PCHK,R,False,0,None,,0.0
d75df6f1-8b37-4398-a158-16013663db58,Sagu Wildling // Roost Seek,TDM,2025-04-11,TDM,G,False,0,None,,0.0
343dcb91-d756-43c6-935b-4c27fe768f88,Sagu Wildling // Roost Seek,TDM,2025-04-11,TDM,G,False,0,None,,0.0
0143a0c6-108d-4cc2-9754-70a99c62565c,Sailors' Bane,CLB,2022-06-10,CLB,U,False,0,None,,0.0
6aa37d97-65db-4a07-9aeb-3ba537c5c7cf,Sapphire Dragon // Psionic Pulse,CLB,2022-06-10,CLB,U,False,0,None,,0.0
c69b899f-bb0b-4117-b567-729c1bc6ce2d,Sarkhan's Whelp,M19,2018-07-13,"J22, M19, PLST",R,False,0,None,,0.0
26e0f82f-5df5-402a-8198-8ed0fc0aaf45,Savage Ventmaw,DTK,2015-03-27,"AFC, BBD, C17, DTK, FDN, SCD",GR,False,0,None,,0.0
ac8c70ce-4176-4a67-8cb5-102b2b900f11,Scaled Nurturer,CLB,2022-06-10,CLB,G,False,0,None,,0.0
fff9654a-9ac3-4394-93c4-4a64ff0f5da6,Scaled Nurturer,SLD,2026-02-23,SLD,G,False,0,None,,0.0
947416b8-96e7-44e0-b93b-9db61606fb53,Scalelord Reckoner,C17,2017-08-25,"C17, MB2",W,False,0,None,,0.0
f012f839-f63f-4e9c-a5f2-9b2482a2b094,Scavenger Regent // Exude Toxin,TDM,2025-04-11,"PTDM, TDM",B,False,0,None,,0.0
f7ece888-5d75-44ac-9bc3-6a61c75eebf2,Scion of Draco,PMH2,2021-05-06,"MH2, PLST, PMH2",C,False,0,None,,0.0
aa174c2e-5348-4ce7-8f12-cf9d71fa881b,Scion of Draco,SLD,2025-06-09,SLD,C,False,0,None,,0.0
76469328-2393-40d7-adfe-512626ea206b,Scion of Draco,MH2,2021-06-18,MH2,C,False,0,None,,0.0
4a3cf44f-0a96-42fd-a1ed-796401ec88f7,Scion of the Ur-Dragon,TSP,2006-10-06,"C17, TSP",BGRUW,False,0,None,,0.0
b32e02d0-47a9-42bb-ac5f-e83ba8caf2ef,Scion of the Ur-Dragon,SLD,2025-02-21,SLD,BGRUW,False,0,None,,0.0
299934da-0f7e-4b23-9c53-81712bc9c789,Scion of Ugin,DTK,2015-03-27,"DTK, IMA, PLST",C,False,0,None,,0.0
aaf05f24-b5fb-4e8f-8482-ae29019fc382,Scorpion Dragon,TOTJ,2024-04-19,TOTJ,R,False,0,None,,0.0
425a7661-b641-4563-940f-00dbfcc9c931,Scourge of Kher Ridges,FUT,2007-05-04,FUT,R,False,0,None,,0.0
021508be-f4ad-4078-9787-baec19bbf5da,Scourge of Nel Toth,C15,2015-11-13,"C15, CMA, JMP, SCD",B,False,0,None,,0.0
bc953a16-dfa8-485f-b9b3-c5ff930faf83,Scourge of the Throne,CNS,2014-06-06,"CMM, CNS, MKC, PLST, TDC",R,False,0,None,,0.0
e30420cc-47d3-4332-af45-fdd5c92225e1,Scourge of the Throne,LTC,2023-06-23,LTC,R,False,0,None,,0.0
7429b145-dd4c-4966-b19a-6375c5906ed6,Scourge of the Throne,SLD,2022-11-28,SLD,R,False,0,None,,0.0
ac7f60f0-6cd4-4aed-a918-c8d3306dc812,Scourge of Valkas,M14,2013-07-19,"AFC, C17, IMA, M14, SCD",R,False,0,None,,0.0
8402fcf8-5a52-4f1e-8b96-8ef12b5c7973,Scourge of Valkas,PF25,2025-08-18,PF25,R,False,0,None,,0.0
bc3ef216-bbf0-442d-b298-60788d3427d7,Scourge of Valkas,SLD,2024-02-05,SLD,R,False,0,None,,0.0
f8aa1db8-333a-40c9-b756-00aa7091ad3c,Shadrix Silverquill,STX,2021-04-23,"PSTX, SOC, STX, TDC",BW,False,0,None,,0.0
7a8e2f36-0ea8-4c77-9a49-bd85392c8528,Shadrix Silverquill,STX,2021-04-23,STX,BW,False,0,None,,0.0
71d2e087-c1d6-47f4-9494-7a175e66fbe3,Shichifukujin Dragon,PCEL,1996-01-01,PCEL,R,False,0,None,,0.0
061e0000-53b5-4b18-bccd-a60ed1b6f932,Shieldhide Dragon,DTK,2015-03-27,"DTK, PLST",W,False,0,None,,0.0
ac066898-e167-4af5-a027-30885fb21b8c,"Shiko and Narset, Unified",TDC,2025-04-11,TDC,RUW,False,0,None,,0.0
b2748e1a-a52b-4e24-8be2-c45679889cf7,"Shiko, Paragon of the Way",TDM,2025-04-11,"PTDM, TDM",RUW,False,0,None,,0.0
510d0fc4-db79-463c-a61f-478ac950e6df,"Shiko, Paragon of the Way",TDM,2025-04-11,TDM,RUW,False,0,None,,0.0
0f854b4e-6287-451a-9f41-bea1a51fd9ec,"Shiko, Paragon of the Way",TDM,2025-04-11,TDM,RUW,False,0,None,,0.0
54be00aa-9e24-40ef-a12e-dae1e6f26604,Shimmer Dragon,ELD,2019-10-04,"BRC, ELD, J22, J25, MKC, MOC",U,False,0,None,,0.0
ab238278-0e74-4cfa-b528-3dd3920b3834,Shivan Branch-Burner,MOM,2023-04-21,MOM,R,False,0,None,,0.0
5485a9f5-e178-4390-8148-27fc0f736bbb,Shivan Devastator,DMU,2022-09-09,"DMU, PDMU",R,False,0,None,,0.0
2a7aeb9e-fb87-4aa4-b856-2c508a1419d7,Shivan Devastator,GDY,2022-04-08,GDY,R,False,0,None,,0.0
2f2cebbc-9458-47b8-b3d4-b2ddb06ad6a6,Shivan Dragon,7ED,2001-04-11,"10E, 7ED, 8ED, 9ED, DPA, FDN, GN3, M10, M14, M15, M19, M20, ORI, P9ED, PMEI, PS11, W16, W17",R,False,0,None,,0.0
8a054bfc-3c1f-4238-b944-81599a7603d6,Shivan Dragon,DMR,2023-01-13,DMR,R,False,0,None,,0.0
d326c884-fed0-4b92-bd88-fd4989597c20,Shivan Dragon,LEA,1993-08-05,"2ED, 30A, 3ED, 4BB, 4ED, 5ED, BTD, CED, CEI, FBB, LEA, LEB, O90P, SUM",R,False,0,None,,0.0
be19094b-0d91-44ba-bb03-8dbf120ad05e,Shivan Dragon,SLD,2024-06-24,SLD,R,False,0,None,,0.0
792e45d9-c864-4f5e-92d6-d6e621e84386,Shivan Dragon,P30T,2023-09-01,P30T,R,False,0,None,,0.0
3e36e37d-342c-4c48-abd9-ad30a310e0d3,Shivan Dragon,P30H,2023-03-21,P30H,R,False,0,None,,0.0
f1b62e7f-8f2a-4a7a-a3e8-5ab0265f8d3d,Shivan Dragon,SLD,2023-02-21,SLD,R,False,0,None,,0.0
926c5cf0-25f9-4a34-bf64-bf56ae3e7666,Shivan Dragon,SLC,2022-11-01,SLC,R,False,0,None,,0.0
6c344170-a6cb-4ffa-9ed1-fe10c90aa62c,Shivan Dragon,DRB,2008-08-29,DRB,R,False,0,None,,0.0
14cfbe95-3d7c-47b5-866e-ac27f0a0d800,Shivan Hellkite,10E,2007-07-13,"10E, AFC, DDG",R,False,0,None,,0.0
ce9532c3-650a-4fa3-bf52-cebb182146d4,Shivan Hellkite,USG,1998-10-12,USG,R,False,0,None,,0.0
80d0bfb2-5c0b-41fa-b9a7-9cf239a794a6,Shockmaw Dragon,FRF,2015-01-23,FRF,R,False,0,None,,0.0
7d451f6f-ad86-4da3-a547-c64c6380dd23,Siege Dragon,M15,2014-07-18,M15,R,False,0,None,,0.0
1b95b38a-c711-4636-b2d9-1e57fb693613,Siege Dragon,PM15,2014-07-17,PM15,R,False,0,None,,0.0
e86939a3-531f-40fa-b3c2-e87755fa4c6b,"Silumgar, the Drifting Death",FRF,2015-01-23,"C17, FRF, PFRF, PLST",BU,False,0,None,,0.0
5404b7d3-c6b7-4ea9-9e52-b093edc56cc3,Silvanus's Invoker,CLB,2022-06-10,CLB,G,False,0,None,,0.0
a958c291-9025-47db-a196-90e0558af6ea,"Silverquill, the Disputant",SOS,2026-04-24,SOS,BW,False,0,None,,0.0
4b7d09c3-d075-472e-a555-a5ff8efb986d,"Silverquill, the Disputant",SOS,2026-04-24,SOS,BW,False,0,None,,0.0
3214bb03-0fc6-4532-b13f-2c298a3b44ab,Skanos Dragonheart,CLB,2022-06-10,CLB,G,False,0,None,,0.0
6987d840-ea6e-4334-8051-2ac5bab44ff7,Skanos Dragonheart,CLB,2022-06-10,CLB,G,False,0,None,,0.0
da580719-c28b-4618-9d17-d0d588a68456,Skarrgan Hellkite,RNA,2019-01-25,"PRNA, RNA, TDC",R,False,0,None,,0.0
f259b97f-d9a6-44f8-bf83-3bdcab496a63,"Skithiryx, the Blight Dragon",SOM,2010-10-01,"2XM, MUL, PLST, SOM",B,False,0,None,,0.0
95e91a33-fd92-47e4-8406-c6508e2fecc2,"Skithiryx, the Blight Dragon",MAR,2025-09-26,MAR,B,False,0,None,,0.0
7d9cb85a-d51d-43f2-a8e1-b6fdf3117089,"Skithiryx, the Blight Dragon",SLD,2025-03-24,SLD,B,False,0,None,,0.0
71c6560f-0c3f-4272-80b1-66c8a6117290,"Skithiryx, the Blight Dragon",MUL,2023-04-21,MUL,B,False,0,None,,0.0
7a542a42-2b57-4d71-af0b-0b166e83e491,Skyline Despot,CN2,2016-08-26,"AFC, CMM, CN2",R,False,0,None,,0.0
9beb2a6c-2fe8-48f1-96b4-6a20ca3790f3,Skyline Despot,SLD,2025-02-21,SLD,R,False,0,None,,0.0
c3129986-7ca7-4acb-a230-161ea884a3aa,Skyship Stalker,KLD,2016-09-30,"AFC, KLD, PKLD",R,False,0,None,,0.0
f40ae9ed-bbe7-4def-8cfa-2240cabde2fe,Skyship Stalker,PKLD,2016-09-30,PKLD,R,False,0,None,,0.0
f3151b03-2742-472a-8c1c-1471e111b098,"Sliv-Mizzet, Hivemind",CMB1,2019-11-07,"CMB1, CMB2",RU,False,0,None,,0.0
d46c49ae-b050-46b1-9f94-490771741e38,Slumbering Dragon,M13,2012-07-13,M13,R,False,0,None,,0.0
162d2836-9da2-4eae-be02-d6ee539ca866,Smaug,TLTR,2023-06-23,TLTR,R,False,0,None,,0.0
e7bf0bf0-7363-4109-b06c-5b61876835e3,"Sol, Advocate Eternal",PH18,2019-08-01,PH18,BGUW,False,0,None,,0.0
589b8775-caac-4e22-832f-21aeab3d7625,Sonic Shrieker,TDM,2025-04-11,TDM,BRW,False,0,None,,0.0
b8a556bc-b647-4038-af10-c527d2155a89,Sonic Shrieker,TDM,2025-04-11,TDM,BRW,False,0,None,,0.0
e8c512d4-6036-4412-b0c5-1fb50949fe12,Sparktongue Dragon,M19,2018-07-13,"CMR, GN2, J22, J25, M19, PLST",R,False,0,None,,0.0
8a3378b5-a1c9-4fae-b8ab-af7d534ce4a3,Spawn of Thraxes,JOU,2014-05-02,JOU,R,False,0,None,,0.0
a248c45d-efb3-45a0-8208-6e18d3c4d5e1,Spawn of Thraxes,PJOU,2014-04-26,PJOU,R,False,0,None,,0.0
ebd2fb3f-6d1c-46bd-b057-f7dcf03a15e0,Spellbound Dragon,ARB,2009-04-30,"ARB, C17, PLST",RU,False,0,None,,0.0
e9a69e21-8b9b-4b83-a07a-00a840b6ed21,Spinerock Tyrant,ECL,2026-01-23,"ECL, PECL",R,False,0,None,,0.0
bc499f37-eacc-4b51-9bc4-275d3d6c1302,Spinerock Tyrant,ECL,2026-01-23,ECL,R,False,0,None,,0.0
a66f9c23-5ef7-49e1-9175-da5e0ac8ae2d,Spinerock Tyrant,ECL,2026-01-23,ECL,R,False,0,None,,0.0
a7c8a668-a49f-4564-889d-372802353174,Sprite Dragon,IKO,2020-04-24,"CLB, IKO, PMEI",RU,False,0,None,,0.0
1cd28d3e-1dcb-4348-99f1-c972392ebde8,Sprite Dragon,IKO,2020-04-24,IKO,RU,False,0,None,,0.0
330f76ab-803d-4ce0-a5fc-845903f334fe,Steel Hellkite,SOM,2010-10-01,"C14, C17, C18, CM2, CMM, MKC, SOM, TDC",C,False,0,None,,0.0
04c2f668-9988-4b5e-afde-247ffcc2a2a6,Steel Hellkite,PSOM,2010-09-30,"BRC, C21, CLB, FDN, PSOM, SCD",C,False,0,None,,0.0
fc3ec5a2-e33d-45f6-b6f7-0ddeaf8eed30,Steel Hellkite,PL24,2024-02-08,PL24,C,False,0,None,,0.0
97399b73-80c7-448e-b7fb-7eb3e137e158,"Stet, Draconic Proofreader",UND,2020-02-29,UND,R,False,0,None,,0.0
14905965-ce36-49f7-8cd7-fc8266c3e56f,Stingerback Terror,OTJ,2024-04-19,"OTJ, POTJ",R,False,0,None,,0.0
128898a0-ef8e-4bb4-ba57-79e7ea2284e4,Stirring Bard,CLB,2022-06-10,CLB,R,False,0,None,,0.0
68f74bc9-e2e2-4ceb-99fe-aca0b1a12c18,Stormbreath Dragon,THS,2013-09-27,"TDC, THS",R,False,0,None,,0.0
f9df94be-1ab0-4262-9893-bbaac1e820c6,Stormscale Scion,TDM,2025-04-11,"PTDM, TDM",R,False,0,None,,0.0
d88c4767-1a73-4a21-b976-8c9bc3b8aae3,Stormscale Scion,TDM,2025-04-11,TDM,R,False,0,None,,0.0
0079b464-5d14-4e52-970f-8e719d9b33c9,Stormshriek Feral // Flush Out,TDM,2025-04-11,TDM,R,False,0,None,,0.0
73bfdd5a-2438-478d-94ed-613771d0915c,Stormshriek Feral // Flush Out,TDM,2025-04-11,TDM,R,False,0,None,,0.0
8e207f48-733d-4198-9fb7-5792617f96b9,Stormwing Dragon,DTK,2015-03-27,DTK,R,False,0,None,,0.0
6ff7fd42-b5e5-484c-8e9b-9572d239f08d,Summon: Bahamut,FIN,2025-06-13,"FIN, PFIN",C,False,0,None,,0.0
094b902a-9c00-4388-99d1-2c77ab74c962,Summon: Bahamut,FIN,2025-06-13,FIN,C,False,0,None,,0.0
491b6ce9-48e6-4f7a-b3c5-03b7778dbf02,Sunscorch Regent,DTK,2015-03-27,"BLC, C17, C21, DTK, MOC, PDTK, PLST",W,False,0,None,,0.0
82385671-efd1-4a70-927e-a6fd24a9b2df,Sunscorch Regent,FIC,2025-06-13,FIC,W,False,0,None,,0.0
3367ca70-549c-4702-b054-498589ef53ea,Swashbuckler Extraordinaire,CLB,2022-06-10,CLB,R,False,0,None,,0.0
28d5dbee-0cd3-4e74-8d5e-abf628d34880,Swift Warkite,DTK,2015-03-27,DTK,BR,False,0,None,,0.0
98021829-0b0c-46af-95f7-8da3adb6416d,Sword Coast Serpent // Capsizing Wave,CLB,2022-06-10,CLB,U,False,0,None,,0.0
8be6274d-fc61-43ad-8fbd-213cf1d677c0,Tanazir Quandrix,STX,2021-04-23,"PSTX, SOC, STX",GU,False,0,None,,0.0
1c4c665e-bdd2-4fcf-8fd4-436963ad635a,Tanazir Quandrix,STX,2021-04-23,STX,GU,False,0,None,,0.0
12b6c0f6-6ee2-4392-8ffc-fc26000a08a1,Tarox Bladewing,FUT,2007-05-04,FUT,R,False,0,None,,0.0
5ec5508a-5162-4332-a06d-6727499e6193,Teeka's Dragon,MIR,1996-10-08,MIR,C,False,0,None,,0.0
dcaf50b6-5b97-452b-8eae-18431681675d,Tek,INV,2000-10-02,"INV, PLST",C,False,0,None,,0.0
7ad0bc9b-4b33-4fd2-b030-ec56dfba4550,"Teneb, the Harvester",PLC,2007-02-02,"2X2, C17, CMD, OCMD, PLC",BGW,False,0,None,,0.0
607c4bc2-23fa-491b-a4d7-4af2723fdcdd,Territorial Aetherkite,DRC,2025-02-14,DRC,R,False,0,None,,0.0
9791dfb4-6389-4014-8f98-add2c31886ed,Territorial Hellkite,C17,2017-08-25,"C17, CLB, TDC",R,False,0,None,,0.0
44717dfb-ff63-4580-9d87-109000358e29,Terror of Mount Velus,THB,2020-01-24,"AFC, FDN, THB",R,False,0,None,,0.0
dcc8fa99-f457-474c-af23-d254c70fa8d1,Terror of the Peaks,OTJ,2024-04-19,"OTJ, POTJ",R,False,0,None,,0.0
6b35f7fd-b37f-433a-a7f1-97c5bcd29677,Terror of the Peaks,M21,2020-07-03,"M21, PM21",R,False,0,None,,0.0
555dfc5e-f044-4570-84cd-5e2a7ec18977,Terror of the Peaks,SLD,2026-04-27,SLD,R,False,0,None,,0.0
25f1d842-8034-4b58-81eb-3f754f2cc40c,Terror of the Peaks,PSPL,2025-01-03,PSPL,R,False,0,None,,0.0
72b8a46a-36b2-49d1-bd7c-599ab7be746b,"Teval, Arbiter of Virtue",TDM,2025-04-11,"PTDM, TDM",BGU,False,0,None,,0.0
6482dc40-667b-409b-b17f-420428ee4331,"Teval, Arbiter of Virtue",TDM,2025-04-11,TDM,BGU,False,0,None,,0.0
a6ecf111-5467-48e8-aa25-3cecf37f12e1,"Teval, Arbiter of Virtue",TDM,2025-04-11,TDM,BGU,False,0,None,,0.0
d626a534-4242-4739-b422-70c0ca61c1bd,"Teval, the Balanced Scale",TDC,2025-04-11,TDC,BGU,False,0,None,,0.0
7a731981-b71a-4007-ad4a-2e8cbdba012c,Themberchaud,SLX,2025-04-25,SLX,R,False,0,None,,0.0
1ec19c3f-4b40-4d76-8049-16bbb43b78cb,Themberchaud,SLD,2023-03-26,SLD,R,False,0,None,,0.0
2140b832-65cd-4eb7-9502-c98be1b6349e,The Ur-Dragon,C17,2017-08-25,"C17, CMM, OC17, PF25",BGRUW,False,0,None,,0.0
ca356849-3bac-49c7-8f0d-363f74fe4381,The Ur-Dragon,CMM,2023-08-04,CMM,BGRUW,False,0,None,,0.0
dba1211c-b875-4623-ab95-7d52a30b5eaa,The Ur-Dragon,SLD,2019-12-08,SLD,BGRUW,False,0,None,,0.0
795e0fe3-5714-41b4-b04a-5afe98b2304b,Thrakkus the Butcher,CLB,2022-06-10,CLB,GR,False,0,None,,0.0
ecad8e0a-83b5-4f4e-85c2-73f964c5621e,Thrakkus the Butcher,CLB,2022-06-10,CLB,GR,False,0,None,,0.0
3394a119-5c2b-4dda-960c-b3d01aaeb9e7,Thriving Skyclaw,MH3,2024-06-14,MH3,R,False,0,None,,0.0
b4756614-1775-4441-aa31-4ca1f2d44a7d,Thunderbreak Regent,DTK,2015-03-27,"AFC, DTK, PDTK, SCD, TDC",R,False,0,None,,0.0
36e72b6e-7c85-42ad-adf5-1263c6339636,Thunderbreak Regent,PDTK,2015-03-27,PDTK,R,False,0,None,,0.0
f6b06e0c-88df-41b6-9511-e7c6949d602a,Thunder Dragon,DRB,2008-08-29,"CLB, DDG, DRB",R,False,0,None,,0.0
fef6943f-1923-40d0-ad72-4162cedfb7a7,Thunder Dragon,S99,1999-07-01,S99,R,False,0,None,,0.0
f95489be-2d84-4661-a419-178c37e10789,Thundermane Dragon,TDC,2025-04-11,TDC,R,False,0,None,,0.0
71314ee1-0f51-46a5-8647-733dbbcd016f,Thundermaw Hellkite,M13,2012-07-13,"IMA, M13, SCD",R,False,0,None,,0.0
7e76f967-79f1-4e67-8341-1c33276cd1fc,Tiamat,AFR,2021-07-23,"AFR, PAFR, PLST",BGRUW,False,0,None,,0.0
cff66577-221d-4dd7-9f9f-8480a3720208,Tiamat,SLD,2022-06-14,SLD,BGRUW,False,0,None,,0.0
6a848a76-3fff-4fb6-a469-32a35ac5ac73,Tiamat,AFR,2021-07-23,AFR,BGRUW,False,0,None,,0.0
b33a5729-5af6-463e-a70a-87a9b7b8437b,Tiamat's Fanatics,CLB,2022-06-10,CLB,R,False,0,None,,0.0
28b7a35d-ef44-4270-ad17-3c3ae584512b,Timeless Dragon,PMH2,2021-05-06,"DRC, MH2, PLST, PMH2",W,False,0,None,,0.0
dd6f27a1-dc2f-44fc-b38a-baacaf5db1ca,Timeless Dragon,TMH2,2021-06-18,"TDRC, TMH2",B,False,0,None,,0.0
89f9d655-ce20-455b-a5e5-6dc49fc396dc,Topaz Dragon // Entropic Cloud,CLB,2022-06-10,CLB,B,False,0,None,,0.0
87219a19-0328-4778-bca8-6464451f636b,Transcendent Dragon,TDC,2025-04-11,TDC,U,False,0,None,,0.0
fcf48ceb-cd48-4e06-8a58-2253b60d6b20,"Treva, the Renewer",INV,2000-10-02,"DDE, INV",GUW,False,0,None,,0.0
d31484f3-5c53-47ed-ac56-3b05f3301c6c,"Treva, the Renewer",PPRO,2009-01-01,PPRO,GUW,False,0,None,,0.0
cd2c302c-c056-4f9b-8517-30036c71c352,Twinflame Tyrant,FDN,2024-11-15,"FDN, PFDN",R,False,0,None,,0.0
40adffc1-362f-44c2-93cb-8490210d7d19,Twinflame Tyrant,FDN,2024-11-15,FDN,R,False,0,None,,0.0
ac5f02d6-a515-4bb4-a1c7-e2a048311f4f,Twinflame Tyrant,FDN,2024-11-15,FDN,R,False,0,None,,0.0
f17ef9e5-296c-4fca-81d2-a455e955b828,Twinmaw Stormbrood // Charring Bite,TDM,2025-04-11,TDM,W,False,0,None,,0.0
aac75817-188a-4d0b-9eba-de92acf3b6ca,Twinmaw Stormbrood // Charring Bite,TDM,2025-04-11,TDM,W,False,0,None,,0.0
9e32ff43-63f5-44a5-8064-79051618290f,Two-Headed Dragon,MMQ,1999-10-04,"8ED, ARC, MMQ",R,False,0,None,,0.0
3fde1b23-c633-4a47-abfc-8d5dce315d5d,Two-Headed Dragon,PSUS,2003-01-01,"DRB, PJJT, PSUS",R,False,0,None,,0.0
b7b29bc1-d81b-432c-820b-391cf08e334c,Two-Headed Hellkite,DMC,2022-09-09,DMC,BGRUW,False,0,None,,0.0
2fd08636-8cce-401e-ab1c-76f60b4ff03d,Tyrant of Kher Ridges,BRO,2022-11-18,"BRO, PBRO",R,False,0,None,,0.0
43a96bc5-9220-47a5-9d5f-c1704253c02d,Tyrant of Valakut,OGW,2016-01-22,"OGW, POGW",R,False,0,None,,0.0
c32251ea-fb56-4f94-9f45-967babafcc35,Tyrant of Valakut,POGW,2016-01-22,POGW,R,False,0,None,,0.0
36c6a035-516b-4f4e-ba99-631f1e8d386f,Tyrant's Familiar,C14,2014-11-07,"C14, C17, CM2, SCD",R,False,0,None,,0.0
977db6ef-5457-4183-8813-fc8079e30c53,Ureni of the Unwritten,TDC,2025-04-11,TDC,GRU,False,0,None,,0.0
af7defdb-7a67-4a60-b078-857953175ed6,"Ureni, the Song Unending",TDM,2025-04-11,"PTDM, TDM",GRU,False,0,None,,0.0
16037ef9-15e9-489b-8721-af8f25e23a6f,"Ureni, the Song Unending",TDM,2025-04-11,TDM,GRU,False,0,None,,0.0
308030e6-e6fa-4a4c-80ca-f037778d6e85,"Ureni, the Song Unending",TDM,2025-04-11,TDM,GRU,False,0,None,,0.0
fb2faa8d-31c1-499b-aa18-74a97854612d,Utvara Hellkite,RTR,2012-10-05,"C17, GK2, RTR, RVR",R,False,0,None,,0.0
73c6b75b-ad1c-41e6-ab24-35951a086798,Utvara Hellkite,RVR,2024-01-12,RVR,R,False,0,None,,0.0
1f0b5211-f1cd-41fa-8837-29e5f91d542d,Utvara Hellkite,SLD,2023-04-23,SLD,R,False,0,None,,0.0
a770a481-3210-4b60-8308-5afcb3f17a22,Vaevictis Asmadi,LEG,1994-06-01,"BCHR, CHR, LEG",BGR,False,0,None,,0.0
27ccf32f-8a25-48f0-b664-b4b885df81a3,Vaevictis Asmadi,SLD,2022-11-02,SLD,BGR,False,0,None,,0.0
db1a85c4-66e5-41d9-b04c-58aab436255e,"Vaevictis Asmadi, the Dire",M19,2018-07-13,"M19, PLST, PM19",BGR,False,0,None,,0.0
5c136c81-f839-4613-858c-33c221cd45d3,"Vaevictis Asmadi, the Dire",SLD,2025-12-01,SLD,BGR,False,0,None,,0.0
af396a2c-56dc-4639-acb2-9cdb612b2132,Vampiric Dragon,ODY,2001-10-01,"ARC, ODY, PS11, VOC",BR,False,0,None,,0.0
e3d438e1-d851-4ed6-9844-7303e67251a2,Velomachus Lorehold,STX,2021-04-23,"PSTX, STX, TDC",RW,False,0,None,,0.0
20db7650-0ed5-4b3a-a2ca-c36a9e12b2d6,Velomachus Lorehold,STX,2021-04-23,STX,RW,False,0,None,,0.0
581d83f3-2887-4e25-89fc-92a73ac82b09,Velukan Dragon,MB2,2024-08-02,MB2,R,False,0,None,,0.0
3ebcf063-afdc-4df1-8e53-f2fac9d97ac3,Vengeful Ancestor,MKC,2024-02-09,"MKC, TDC",R,False,0,None,,0.0
8bd20e66-70d7-4dc2-9de0-9c184aaaef3f,Vengeful Ancestor,AFC,2021-07-23,"AFC, CLB",R,False,0,None,,0.0
6ed96a84-0f6e-42a2-8d77-ce2cbd36d694,Verix Bladewing,DOM,2018-04-27,"DOM, PDOM, SCD, TDC",R,False,0,None,,0.0
0f3811c7-2b1f-4a01-a1e0-712de1acd01a,Viashivan Dragon,VIS,1997-02-03,VIS,GR,False,0,None,,0.0
bc7df7b5-6bc7-43e9-bb79-d791587fd27a,Volcanic Dragon,M12,2011-07-15,"CMR, M12, M19, M20, PLST",R,False,0,None,,0.0
95158f9a-38a7-469a-9795-970f29337ff6,Volcanic Dragon,MIR,1996-10-08,"6ED, ATH, MIR, S99",R,False,0,None,,0.0
76186b0a-ba82-444f-bcda-a4ab99aeedcb,Volcanic Dragon,POR,1997-05-01,POR,R,False,0,None,,0.0
1a9a66e2-1830-4d9f-ac71-c7977026dafc,Voracious Bibliophile,TDC,2025-04-11,TDC,U,False,0,None,,0.0
c76d61af-5e9b-4853-8b86-72304fe21ed4,Voracious Dragon,CON,2009-02-06,"CON, DDG, PLST",R,False,0,None,,0.0
46182be8-7027-471c-bf09-3dbe8e6acd91,"Vorosh, the Hunter",PLC,2007-02-02,"CM2, CMD, OCMD, PLC",BGU,False,0,None,,0.0
c6b86868-eb9e-486f-8fc7-68bbbdb565e6,"Vrondiss, Rage of Ancients",AFC,2021-07-23,"AFC, OAFC",GR,False,0,None,,0.0
d3c38c5b-7f62-4fea-9fa2-804dabe60789,Wandering Troubadour,AFR,2021-07-23,AFR,G,False,0,None,,0.0
b552441f-622e-4288-8741-4088967e3023,Wardscale Dragon,FRF,2015-01-23,FRF,W,False,0,None,,0.0
ddb2501f-494f-4b24-ab56-111253e93217,Warmonger Hellkite,C14,2014-11-07,"C14, CLB, CM2",R,False,0,None,,0.0
5db02864-2695-4dd2-9c68-5bd8d84785ef,"Wasitora, Nekoru Queen",C17,2017-08-25,"2X2, C17, PLST",BGR,False,0,None,,0.0
e8f5f215-6b09-4596-bffa-0cffe4d47e92,"Wasitora, Nekoru Queen",SLD,2025-12-01,SLD,BGR,False,0,None,,0.0
c367c537-5de8-4ccc-9f00-3962261a8339,Whirlwing Stormbrood // Dynamic Soar,TDM,2025-04-11,TDM,U,False,0,None,,0.0
2aa35063-d8a0-4eed-a33e-f05fc16ccf8d,Whirlwing Stormbrood // Dynamic Soar,TDM,2025-04-11,TDM,U,False,0,None,,0.0
6920e528-209e-47b0-898b-8f80fff19547,White Dragon,AFR,2021-07-23,AFR,W,False,0,None,,0.0
78d36015-48e9-46af-9a4d-38ae888ac289,White Dragon,AFR,2021-07-23,AFR,W,False,0,None,,0.0
ada52c25-74a0-4ca8-aba6-a3b479a278bb,"Witherbloom, the Balancer",SOS,2026-04-24,SOS,BG,False,0,None,,0.0
64429485-db67-4215-b1c5-de53fd63397e,"Witherbloom, the Balancer",SOS,2026-04-24,SOS,BG,False,0,None,,0.0
d1049f3b-6c4f-4d3f-bedf-c1eb0c4ddde3,Worldgorger Dragon,DMR,2023-01-13,DMR,R,False,0,None,,0.0
65e5c8d4-5023-407d-8045-624b47ce0334,Worldgorger Dragon,JUD,2002-05-27,"EMA, JUD, PLST",R,False,0,None,,0.0
c98092e8-21b6-4279-888f-eede58ece2c7,Worldgorger Dragon,DMR,2023-01-13,DMR,R,False,0,None,,0.0
3aea88f1-8323-4185-a82f-773494adcca8,Wrathful Red Dragon,CLB,2022-06-10,"CLB, PCLB",R,False,0,None,,0.0
faebad51-1782-47f6-9f17-b82cd10909c5,"Yosei, the Morning Star",IMA,2017-11-17,"IMA, PLST",W,False,0,None,,0.0
fc8179e8-a86b-486f-a31b-85ebb3db8985,"Yosei, the Morning Star",CHK,2004-10-01,"CHK, MMA",W,False,0,None,,0.0
842c374b-f010-4540-87e4-97af74234a97,Young Blue Dragon // Sand Augury,CLB,2022-06-10,CLB,U,False,0,None,,0.0
777759c6-5824-4506-9fa3-e5ba34c6087c,Young Red Dragon // Bathe in Gold,CLB,2022-06-10,"CLB, PLST",R,False,0,None,,0.0
aa3f657a-e3b6-4d87-be15-104c58f64356,"Ziatora, the Incinerator",SNC,2022-04-29,"M3C, PSNC, SNC",BGR,False,0,None,,0.0
99877c3d-1db1-492f-9505-237df8f98b51,"Ziatora, the Incinerator",SLD,2025-12-01,SLD,BGR,False,0,None,,0.0
2dc72c85-bc02-4fee-9304-955869393015,"Ziatora, the Incinerator",SNC,2022-04-29,SNC,BGR,False,0,None,,0.0
d294cbf1-9e23-4f68-a43b-20bbdcdbb2a4,Zodiac Dragon,PTK,1999-05-01,PTK,R,False,0,None,,0.0
913d51ad-d095-457c-ac03-fe7ac2092dd0,Zurgo and Ojutai,MOM,2023-04-21,"MOM, PMOM",RUW,False,0,None,,0.0
7fe5374b-d28a-4e0c-97d1-8f7f6790a5f8,Zurgo and Ojutai,MOM,2023-04-21,MOM,RUW,False,0,None,,0.0
